Run number,mpmt run,Date,Start Time,Stop Time,Beam MeV/c,Index for pi/u sep,Index for e-veto,Lead Glass In,Dead Time,Electron Veto Pre-Scale,Trigger Config,Beam configuration file number,Slit collimator,Triggers/spill,# spills,Target,VME Comments,ToolDaq Comments,Column 20
1252,,13/03/2025,,,,1.01,1.006,Y,,,,,,,,,"Runs for 1pe calibration, HV tuning during beam commissioning. Rreference HV for all detectors (TOF bias voltage = 33V and others values in e-log)",,
1253,,13/03/2025,,,,1.01,1.006,Y,,,,,,,,,HV reference + 50 V and 33.5V for TOF,,
1254,,13/03/2025,,,,1.01,1.006,Y,,,,,,,,,HV reference - 50 V and 32.5V for TOF,,
1255,,14/03/2025,,,5000,1.01,1.006,Y,,,,,,,,,Same as 1254 but better TOF signal,,
1256,,14/03/2025,,,1000 and 5000,1.01,1.006,Y,,,,,,,,,"TOF voltage = 32.6V, others +10V respect 1255 (not enough data)",,
1257,,14/03/2025,,,1000,1.01,1.006,Y,,,,,,,,,"TOF voltage = 32.7V, others +10V respect 1256 (not enough data)",,
1258,,,,,,1.015,1.01,,,,,,,,,,,,
1259,,,,,,,,,,,,,,,,,,,
1260,,,,,,,,,,,,,,,,,,,
1261,,,,,,,,,,,,,,,,,,,
1262,,,,,,,,,,,,,,,,,,,
1263,,,,,,,,,,,,,,,,,,,
1264,,,,,,,,,,,,,,,,,,,
1265,,,,,,,,,,,,,,,,,,,
1266,,,,,,,,,,,,,,,,,,,
1267,,,,,,,,,,,,,,,,,,,
1268,,,,,,,,,,,,,,,,,,,
1269,,,,,,,,,,,,,,,,,,,
1270,,,,,,,,,,,,,,,,,,,
1271,,,,,,,,,,,,,,,,,,,
1272,,,,,,,,,,,,,,,,,,,
1273,,,,,,,,,,,,,,,,,,,
1274,,,,,,,,,,,,,,,,,,,
1275,,,,,,,,,,,,,,,,,,,
1276,,,,,,,,,,,,,,,,,,,
1277,,,,,,,,,,,,,,,,,,,
1278,,,,,,,,,,,,,,,,,,,
1279,,,,,,,,,,,,,,,,,,,
1280,,,,,,,,,,,,,,,,,,,
1281,,,,,,,,,,,,,,,,,,,
1282,,,,,,,,,,,,,,,,,,,
1283,,,,,,,,,,,,,,,,,,,
1284,,,,,,,,,,,,,,,,,,,
1285,,,,,,,,,,,,,,,,,,,
1286,,,,,,,,,,,,,,,,,,,
1287,,,,,,,,,,,,,,,,,,,
1288,,,,,,,,,,,,,,,,,,,
1294,,22/03/2025,10:32,60,650,1.015,1.01,N,625 (5us),16%,lep_v51,1350,2%,,,,Terminal crashed but output files are ok,,
1295,,22/03/2025,11:34,,650,1.015,1.01,N,625 (5us),16%,lep_v51,1349,1%,,,,,,
1296,,22/03/2025,12:16,,750,1.015,1.01,N,625 (5us),16%,lep_v51,1345,1%,,,,,,
1297,,22/03/2025,12:54,,800,1.015,1.01,N,625 (5us),16%,lep_v51,1346,1%,,,,Raw data files are empty,,
1298,,22/03/2025,13:32,,850,1.015,1.01,N,625 (5us),16%,lep_v51,1348,1%,,,,,,
1299,,22/03/2025,14:33,,900,1.015,1.01,N,625 (5us),16%,lep_v51,1347,1%,,,,,,
1300,,22/03/2025,15:33,,800,1.015,1.01,N,625 (5us),16%,lep_v51,1346,1%,,,,Target 3 Al200,,
1301,,22/03/2025,18:22,,800,-,-,N,31250 (250us),16%,t0tof_v10,1309,1%,,,,"Target 3 Al200, no Pb converter",,
1302,,22/03/2025,,,800,-,-,N,31250 (250us),16%,t0tof_v10,1309,,,,,"Target 3 Al200, no Pb converter",,
1303,,,,,,,,,,,,,,,,,,,
1304,,22/03/2025,,,650,1.015,1.01,Y,,,,,,,,,"Target 3 Al200, no Pb converter",,
1305,,23/03/2025,,,700,1.015,1.01,Y,,,,,,,,,"Target 3 Al200, no Pb converter",,
1306,,23/03/2025,,,750,1.015,1.01,Y,,,,,,,,,"Target 3 Al200, no Pb converter",,
1307,,23/03/2025,,,800,1.015,1.01,Y,,,,,,,,,"Target 3 Al200, no Pb converter",,
1308,,23/03/2025,,,800,1.015,1.01,Y,,,,,,,,,"Target 3 Al200, no Pb converter",,
1309,,23/03/2025,BAD,,,,,,,,,,,,,,,,
1310,,23/03/2025,,,850,1.015,1.01,Y,,,,,,,,,"Target 3 Al200, no Pb converter",,
1311,,23/03/2025,9:30,,900,1.015,1.01,Y,40000,8%,lep_v51,1351,1% (3mm),,,,"Target 3 Al200, no Pb converter",,
1312,,23/03/2025,10:45,,800,1.015,1.01,N,Variable,8%,lep_v51,1355,1% (3mm),,,,"Target 3 Al200, no Pb converter",,
1313,,23/03/2025,11:25,,800,1.015,1.01,N,625 (5us),2%,lep_v51,1355,2% (6mm),,,,,,
1314,,23/03/2025,11:39,,800,1.015,1.01,N,625 (5us),2%,lep_v51,1355,1% (3mm),,,,,,
1318,,23/03/2025,12:43,,800,1.015,1.01,N,4000 (32us),2%,lep_v51,1355,1% (3mm),,,,Readout 2 QDC boards,,
1319,,23/03/2025,16:05,,800,1.015,1.01,N,4000 (32us),2%,lep_v51,1355,1% (3mm),,,,,,
1320,,23/03/2025,18:43,,780,1.015,1.01,N,4000 (32us),2%,lep_v51,,1% (3mm),,,,,,
1321,,23/03/2025,19:56,20:57,790,1.015,1.01,N,4000 (32us),2%,lep_v51,,1% (3mm),,,,,,
1322,,23/03/2025,21:10,22:13,800,1.015,1.01,N,625 (5us),2%,lep_v51,,1% (3mm),,,,Upstream collimator changed from 30mm to 20mm,,
1323,,23/03/2025,22:20,23:44,810,1.015,1.01,N,625 (5us),2%,lep_v51,1361,1% (3mm),,,,Upstream collimator changed from 30mm to 20mm,,
1324,,24/03/2025,0:03,1:13,820,1.015,1.01,N,625 (5us),2%,lep_v51,1362,1%(3mm),,,,Upstream collimator changed from 30mm to 20mm,,
1325,,24/03/2025,1:32,2:40,820,1.015,1.01,Y,625 (5us),2%,lep_v51,,1%(3mm),,,,Upstream collimator changed from 30mm to 20mm,,
1326,,24/03/2025,2:55,4:12,820,1.015,1.01,Y,625 (5us),2%,lep_v51,,1%(3mm),,,,Upstream collimator changed from 30mm to 20mm,,
1327,,24/03/2025,4:19,5:29,810,1.015,1.01,Y,625 (5us),2%,lep_v51,,1%(3mm),,,,Upstream collimator changed from 30mm to 20mm,,
1328,,24/03/2025,5:36,,800,1.015,1.01,Y,625 (5us),2%,lep_v51,,1%(3mm),,,,Upstream collimator changed from 30mm to 20mm,,
1329,,24/03/2025,~8:00,,780,1.015,1.01,Y,625 (5us),2%,lep_v51,1363,1%(3mm),,,,Upstream 20mm,,
1330,,24/03/2025,12:30,15:33,780,1.015,1.01,Y,625 (5us),2%,lep_v51,1363,1%(3mm),,,,T4 and TOF times are corrupted at the end of run when run is too long,,
1331,,24/03/2025,,,,,,,,,,,,,,,,,
1332,,24/03/2025,18:51,19:25,350,-,-,N,50000 (400us),16%,t0tof_v10,1366,1%(3mm),,,,After beam tunnig 2025,,
1333,,24/03/2025,19:30,,350,-,-,N,50000 (400us),16%,t0tof_v10,1366,1%(3mm),,,,,,
1334,,24/03/2025,21:30,23:40,780,1.015,1.01,N,625 (5us),2%,lep_v51,1365,1%(3mm),,,,,,
1335,,25/03/2025,1:40,1:49,350,1.075,1.01,N,625 (5us),2%,lep_v51,1366,1%(3mm),,,,ACT 3 and 4 were off,,
1336,,25/03/2025,2:00,4:21,320,1.075,1.01,N,625 (5us),2%,lep_v51,1368,1%(3mm),,,,,,
1337,,25/03/2025,4:23,6:19,330,1.075,1.01,N,625 (5us),2%,lep_v51,1367,1%(3mm),,,,,,
1338,,25/03/2025,6:30,8:06,340,1.075,1.01,N,625 (5us),2%,lep_v51,1369,2%(6mm),,,,upstream collimator to 50mm  420ev/spill,,
1339,,25/03/2025,8:15,10:05,310,1.075,1.01,N,625 (5us),2%,lep_v51,1370,2% (6mm),,,,300ev/spill,,
1340,,25/03/2025,10:12,11:40,300,1.075,1.01,N,625 (5us),2%,lep_v51,1371,2% (6mm),,,,190/ev./spill,,
1341,,25/03/2025,15:39,17:46,300,1.075,1.01,N,625 (5us),2%,lep_v51,1371,2% (6mm),177,,,Updated VME stand-alone DAQ to save time stamps to identify spills,,
1342,,25/03/2025,17:53,21:38,300,1.075,1.01,N,625 (5us),2%,lep_v51,1371,2% (6mm),441,,,,,
1343,,25/03/2025,23:58,0:02,510,1.03,1.01,Y,625 (5us),2%,lep_v51,1372,2% (6mm),1827,,,"ACT 3,4,5 were off",,
1344,,26/03/2025,0:10,1:14,510,1.03,1.01,Y,625 (5us),2%,lep_v51,1372,2% (6mm),1801,,,"Upstream collimators: 50 mm, T4 Threshold increased to 50 (CFD)",,
1345,,26/03/2025,1:17,2:29,520,1.03,1.01,Y,625 (5us),2%,lep_v51,1373,2% (6mm),1974,,,,,
1346,,26/03/2025,2:33,3:18,530,1.03,1.01,Y,625 (5us),2%,lep_v51,1374,2% (6mm),2042,,,,,
1347,,26/03/2025,3:21,4:10,540,1.03,1.01,Y,625 (5us),2%,lep_v51,1375,2% (6mm),2355,,,,,
1348,,26/03/2025,4:13,4:53,550,1.03,1.01,Y,625 (5us),2%,lep_v51,1376,2% (6mm),2414,,,Upstream collimators: 40 mm,,
1349,,26/03/2025,4:58,5:55,560,1.03,1.01,Y,625 (5us),2%,lep_v51,1377,2% (6mm),2137,,,Upstream collimators: 30 mm,,
1350,,26/03/2025,6:00,7:00,570,1.03,1.01,Y,625 (5us),2%,lep_v51,1378,2% (6mm),2172,,,,,
1351,,26/03/2025,8:13,10:25,250,1.11,1.01,N,625 (5us),2%,lep_v51,1379,2% (6mm),117,,,Upstream collimators: 50 mm,,
1352,,26/03/2025,10:28,12:30,260,1.11,1.01,N,625 (5us),2%,lep_v51,1380,2% (6mm),121,,,Upstream collimators: 50 mm,,
1353,,26/03/2025,,,270,1.11,1.01,N,625 (5us),2%,lep_v51,1380,2% (6mm),142,,,Stopped to test spill_num alert from main DAQ (not working yet),,
1354,,26/03/2025,12:38,14:48,270,1.11,1.01,N,625 (5us),2%,lep_v51,1381,2% (6mm),143,,,Started with mPMT run R1263S0,,
1355,,26/03/2025,14:52,15:26,280,1.11,1.01,N,625 (5us),2%,lep_v51,1382,2% (6mm),158,,,Started with mPMT run R1264S0,,
1356,,26/03/2025,15:42,16:21,280,1.11,1.01,N,625 (5us),2%,lep_v51,1382,2% (6mm),155,,,No mPMT run,,
1357,,26/03/2025,16:29,22:30,280,1.11,1.01,N,625 (5us),2%,lep_v51,1382,2% (6mm),157,,,No mPMT run,,
1358,,26/03/2025,22:31,,210,1.15,1.01,N,625 (5us),2%,lep_v51,1385,2% (6mm),63,,,,,
1359,,27/03/2025,11:39,13:05,1000,1.15,1.01,N,625 (5us),2%,lep_v51,1385,2% (6mm),,,,testing during spill width change 0.4 -> 0.8s,,
1360,,27/03/2025,13:09,14:45,210-250,1.15,1.01,N,625 (5us),2%,lep_v51,1385,2% (6mm),,,,data rate test with 0.8s spill width,,
1361,,27/03/2025,14:47,15:27,780,1.15,1.01,N,625 (5us),2%,lep_v51,1365,1%(3mm),,,,Stopped due to corrupted time stamps,,
1366,,27/03/2025,15:49,16:02,780,1.15,1.01,N,625 (5us),2%,lep_v51,1365,1%(3mm),2860,,,mPMT ToolDAQ run 1275,,
1367,,27/03/2025,20:26,21:09,210,1.15,1.01,N,625 (5us),2%,lep_v51,1385,2% (6mm),44,,,Stopped for mPMT LED runs,,
1368,,27/03/2025,21:33,5:36,210,1.15,1.01,N,625 (5us),2%,lep_v51,1385,2% (6mm),39,,,mPMT ToolDAQ run 1283,,
1369,,28/03/2025,8:03,10:44,230,1.15,1.01,N,625(5us),2%,lep_v52,1387,2% (6mm),53,,,mPMT ToolDAQ run 1289 started about 1 hour later,,
1371,,28/03/2025,16:00,16:43,1000,,,,625(5us),2%,tp_v43,,1%(3mm),,,,"Tagged photon configuration, upstream collimators at 15mm",,
1372,,28/03/2025,16:44,,800,,,,625(5us),2%,,,1%(3mm),,,,"Tagged photon configuration, upstream collimators at 15mm",,
1373,,28/03/2025,16:52,17:01,600,,,,625(5us),2%,,,1%(3mm),,,,"Tagged photon configuration, upstream collimators at 15mm",,
1374,,28/03/2025,17:02,17:36,650,,,,625(5us),2%,,,1%(3mm),,,,"Tagged photon configuration, upstream collimators at 15mm",,
1375,,28/03/2025,17:38,17:41,500,,,,625(5us),2%,,,1%(3mm),,,,"Tagged photon configuration, upstream collimators at 15mm",,
1376,,28/03/2025,17:41,17:47,400,,,,625(5us),2%,,,,,,,,,
1377,,28/03/2025,17:47,17:52,350,,,,625(5us),2%,,,,,,,,,
1378,,28/03/2025,17:53,,300,,,,625(5us),2%,,,,,,T3:Al200,,,
1379,,28/03/2025,18:11,19:13,1000,-,-,Y,625(5us),2%,,,1%(3mm),,,T1:Be200+W3,"Tagged photon configuration, upstream collimators at 15mm",,
1380,,28/03/2025,19:15,19:42,800,-,-,Y,625(5us),2%,,1389,1%(3mm),,,T1:Be200+W3,"Tagged photon configuration, upstream collimators at 15mm",,
1381,,28/03/2025,19:44,20:15,650,-,-,Y,625(5us),2%,,1394,1%(3mm),,,T1:Be200+W3,"Tagged photon configuration, upstream collimators at 15mm",,
1382,,28/03/2025,21:09,23:37,650,-,-,N,625(5us),2%,tp0.6 v44,,,,,T1:Be200+W3,"Tagged photon configuration, upstream collimators at 30mm. mMT 1293",,
1383,,29/03/2025,0:16,3:51,800,-,-,N,625 (5us),2%,tp0.8 v44,1400,1%(3mm),,,T1:Be200+W3,"Tagged photon configuration, upstream collimators at 15mm ",,
1384,,29/03/2025,9:17,11:18,650,-,-,N,625 (5us),2%,tp0.8 v44,1401,1%(3mm),,,T1:Be200+W3,"Tagged photon configuration, upstream collimators at 15mm, wrong trigger configuration",,
1385,,29/03/2026,11:25,13:25,650,-,-,N,625(5us),2%,tp0.6 v44,1401,1%(3mm),,,T1:Be200+W3,"Tagged photon configuration, upstream collimators at 15mm ",,
1386,,29/03/2025,13:56,16:03,1000,-,-,N,625(5us),2%,tp1 v44,1399,1%(3mm),,,T1:Be200+W3,"Tagged photon configuration, upstream collimators at 15mm ",,
1387,,29/03/2025,17:16,17:26,1000,-,-,Y,625(5us),2%,,,1%(3mm),,,T1:Be200+W3,PbG calibration for 1 GeV 15mm,,
1388,,29/03/2025,,,1000,-,-,Y,625(5us),2%,,,1%(3mm),,,T1:Be200+W3,PbG calibration for 1 GeV 10mm,,
1389,,29/03/2025,17:37,19.04,1000,-,-,Y,625(5us),2%,,,1%(3mm),,,T1:Be200+W3,PbG calibration for 1 GeV 5mm,,
1390,,29/03/2025,19:07,19:25,1000,-,-,Y,625(5us),2%,,,1%(3mm),,,T1:Be200+W3,PbG calibration for 1 GeV 7mm,,
1391,,29/03/2025,19:17,19:29,500,-,-,Y,625(5us),2%,,,1%(3mm),,,T1:Be200+W3,PbG calibration for 0.5 GeV 15mm,,
1392,,29/03/2025,19:32,19:42,500,-,-,Y,625(5us),2%,,,1%(3mm),,,T1:Be200+W3,PbG calibration for 0.5  GeV 10mm,,
1393,,29/03/2025,19:43,19:55,500,-,-,Y,625(5us),2%,,,1%(3mm),,,T1:Be200+W3,PbG calibration for 0.5 GeV 5mm,,
1394,,29/03/2025,19:58,20:02,650,-,-,Y,625(5us),2%,,,1%(3mm),,,T1:Be200+W3,PbG calibration for 0.65 GeV 15mm,,
1395,,29/03/2025,20:04,20:10,650,-,-,Y,625(5us),2%,,,1%(3mm),,,T1:Be200+W3,PbG calibration for 0.65 GeV 10mm,,
1396,,29/03/2025,20:12,20:27,650,-,-,Y,625(5us),2%,,,1%(3mm),,,T1:Be200+W3,PbG calibration for 0.65 GeV 5mm,,
1397,,29/03/2025,20:27,20:34,650,-,-,Y,625(5us),2%,,,1%(3mm),,,T1:Be200+W3,PbG calibration for 0.65 GeV 7mm,,
1398,,29/03/2025,20:38,20:49,350,-,-,Y,625(5us),2%,,,1%(3mm),,,T1:Be200+W3,PbG calibration for 0.350 GeV 15mm,,
1399,,29/03/2025,20:56,21:07,350,-,-,Y,625(5us),2%,,,1%(3mm),,,T1:Be200+W3,PbG calibration for 0.350 GeV 10mm,,
1400,,29/03/2025,21:08,21:19,250,-,-,Y,625(5us),2%,,,1%(3mm),,,T1:Be200+W3,PbG calibration for 0.250 GeV 15mm,,
1401,,29/03/2025,21:21,21:34,275,-,-,Y,625(5us),2%,,,1%(3mm),,,T1:Be200+W3,PbG calibration for 0.275 GeV 15mm,,
1402,,29/03/2025,21:36,21:45,425,-,-,Y,625(5us),2%,,,1%(3mm),,,T1:Be200+W3,PbG calibration for 0.425 GeV 15mm,,
1403,,29/03/2025,21:44,21:50,575,-,-,Y,625(5us),2%,,,1%(3mm),,,T1:Be200+W3,PbG calibration for 0.575 GeV 15mm - no raw data,,
1404,,29/03/2025,21:54,22:00,575,-,-,Y,625(5us),2%,,,1%(3mm),,,T1:Be200+W3,PbG calibration for 0.575 GeV 10mm ,,
1405,,29/03/2025,22:02,22:14,575,-,-,Y,625(5us),2%,,,1%(3mm),,,T1:Be200+W3,PbG calibration for 0.575 GeV 5mm ,,
1406,,29/03/2025,22:48,3:01,220,1.15,1.01,N,625(5us),2%,,1386,2%(6mm),,,T3:Al200,Aerogel scan,,
1407,,30/03/2025,3:58,6:43,230,1.15,1.01,N,625(5us),2%,,1387,2%(6mm),,,T3:Al200,Aerogel scan,,
1408,,30/03/2025,8:03,11:45,230,1.13,1.01,N,625(5us),2%,LEP v5.1,1387,2%(6mm),,,T3:Al200,Aerogel scan,,
1409,,30/03/2025,12:23,15:10,240,1.13,1.01,N,625(5us),2%,LEP v5.1,1406,2%(6mm),,,T3:Al200,Aerogel scan,,
1410,,30/03/2025,15:54,18:25,250,1.13,1.01,N,625(5us),2%,LEP v5.1,1379,2%(6mm),,,T3:Al200,Aerogel scan,,
1411,,30/03/2025,20:01,20:18,390,1.047,1.01,Y,625(5us),2%,LEP v5.1,1407,2%(6mm),,,T3:Al200,1.047 Aerogel scan,,
1412,,30/03/2025,20:19,20:30,400,1.047,1.01,Y,625(5us),2%,LEP v5.1,1408,2%(6mm),,,T3:Al200,1.047 Aerogel scan,,
1413,,30/03/2025,20:31,20:41,410,1.047,1.01,Y,625(5us),2%,LEP v5.1,1409,2%(6mm),,,T3:Al200,1.047 Aerogel scan,,
1414,,30/03/2025,20:42,20:50,420,1.047,1.01,N,625(5us),2%,LEP v5.1,1410,2%(6mm),,,T3:Al200,1.047 Aerogel scan,,
1415,,30/03/2025,20:51,21:05,430,1.047,1.01,N,625(5us),2%,LEP v5.1,1410,2%(6mm),,,T3:Al200,1.047 Aerogel scan,,
1416,,30/03/2025,21:41,0:37,420,1.047,1.01,N,625(5us),2%,LEP v5.1,1410,2%(6mm),,,T3:Al200,1.047 Aerogel scan,,
1417,,31/03/2025,0:38,3:36,420,1.047,1.01,N,625(5us),2%,LEP v5.1,1410,2%(6mm),,,T3:Al200,1.047 Aerogel scan,,
1418,,31/03/2025,3:38,6:35,420,1.047,1.01,N,625(5us),2%,LEP v5.1,1410,2%(6mm),,,T3:Al200,1.047 Aerogel scan,,
1419,,31/03/2025,6:36,9:32,420,1.047,1.01,N,625(5us),2%,LEP v5.1,1410,2%(6mm),,,T3:Al200,1.047 Aerogel scan,,
1420,,31/03/2025,9:33,10:16,420,1.047,1.01,N,625(5us),2%,LEP v5.1,1410,2%(6mm),,,T3:Al200,1.047 Aerogel scan,,
1421,,31/03/2025,10:46,11:30,420,1.047,1.01,N,625(5us),2%,LEP v5.1,1410,2%(6mm),,,T3:Al200,1.047 Aerogel scan,,
1422,,31/03/2025,15:28,15:32,610,1.02,1.01,Y,625(5us),2%,LEP v5.1,1412,2%(6mm),,,T3:Al200,"1.02 LeadGlass scan, collimators at 30mm",,
1423,,31/03/2025,15:40,15:47,620,1.02,1.01,Y,625(5us),2%,LEP v5.1,1413,2%(6mm),,,T3:Al200,"1.02 LeadGlass scan, collimators at 20mm",,
1424,,31/03/2025,15:52,15:57,625,1.02,1.01,Y,625(5us),2%,LEP v5.1,1414,2%(6mm),,,T3:Al200,"1.02 LeadGlass scan, collimators at 20mm ( The file says 630, it seems it doesn't allow 0.005 MeV steps)",,
1425,,31/03/2025,16:02,16:09,635,1.02,1.01,Y,625(5us),2%,LEP v5.1,1415,2%(6mm),,,T3:Al200,"1.02 LeadGlass scan, collimators at 20mm ( The file says 640, it seems it doesn't allow 0.005 MeV steps)",,
1426,,31/03/2025,16:12,16:17,640,1.02,1.01,Y,625(5us),2%,LEP v5.1,1416,2%(6mm),,,T3:Al200,"1.02 LeadGlass scan, collimators at 20m",,
1427,,31/03/2025,16:22,16:28,650,1.02,1.01,Y,625(5us),2%,LEP v5.1,1417,2%(6mm),,,T3:Al200,"1.02 LeadGlass scan, collimators at 20m",,
1428,,31/03/2025,16:34,16:41,660,1.02,1.01,Y,625(5us),2%,LEP v5.1,1418,2%(6mm),,,T3:Al200,"1.02 LeadGlass scan, collimators at 20m",,
1429,,31/03/2025,16:44,16:49,670,1.02,1.01,Y,625(5us),2%,LEP v5.1,1419,2%(6mm),,,T3:Al200,"1.02 LeadGlass scan, collimators at 20m",,
1430,,31/03/2025,16:53,17:02,600,1.02,1.01,Y,625(5us),2%,LEP v5.1,1420,2%(6mm),,,T3:Al200,"1.02 LeadGlass scan, collimators at 30mm",,
1431,1338,31/03/2025,21:28,0:33,360,1.06,1.01,N,625(5us),2%,LEP v5.1,1422,2%(6mm),,,T3:Al200,Long run,,
1432,1339,01/04/2025,0:39,3:39,370,1.06,1.01,N,625(5us),2%,LEP v5.1,1422,2%(6mm),,,T3:Al200,Long run,,
1433,1340,01/04/2025,4:03,6:51,380,1.06,1.01,N,625(5us),2%,LEP v5.1,1422,2%(6mm),,,T3:Al200,Long run,,
1434,1341,01/04/2025,7:35,8:55,610,1.02,1.01,N,625(5us),2%,LEP v5.1,1412,2%(6mm),,,T3:Al200,slit 30mm,,
1435,1342,01/04/2025,9:00,10:15,620,1.02,1.01,N,625(5us),2%,LEP v5.1,1413,2%(6mm),,,T3:Al200,slit 20mm,,
1436,1343,01/04/2025,10:22,10:58,630,1.02,1.01,N,625(5us),2%,LEP v5.1,1424,2%(6mm),,,T3:Al200,slit 20mm  Stop due to DAQ error on the mPMT side,,
1437,1344,01/04/2025,11:02,11:26,630,1.02,1.01,N,625(5us),2%,LEP v5.1,1424,2%(6mm),,,T3:Al200,slit 20mm Stop due to DAQ error on the mPMT side,,
1438,1345,01/04/2025,11:49,12:50,630,1.02,1.01,N,625(5us),2%,LEP v5.1,1424,2%(6mm),,,T3:Al200,20mm,,
1439,1346,01/04/2025,14:05,15:03,530,1.03,1.01,N,625(5us),2%,LEP v5.1,1374,2%(6mm),,,T3:Al200,slit 30mm,,
1440,1348,01/04/2025,16:09,18:30,540,1.03,1.01,N,625(5us),2%,LEP v5.1,1375,2%(6mm),,,T3:Al200,slit 20mm,,
1441,,02/04/2025,2:39,6:50,260,1.11,1.01,N,625(5us),2%,LEP v5.1,1380,2%(6mm),,,T3:Al200,slit 20mm,,
1442,1360,02/04/2025,6:54,8:00,260,1.11,1.01,N,625(5us),2%,LEP v5.1,1380,2%(6mm),,,T3:Al200,slit 20mm repeat of previous config,,
1443,1362,02/04/2025,13:58,15:39,550,1.03,1.01,N,625(5us),2%,LEP v5.1,1376,2%(6mm),,,T3:Al200,slt 30mm aerogel scan,,
1444,1371,02/04/2025,18:07,21:25,320,1.075,1.01,N,625(5us),2%,LEP v5.1,1425,2%(6mm),,,T3:Al200,slt 50mm aerogel scan,,
1445,1372,02/04/2025,21:29,22:42,320,1.075,1.01,N,625(5us),2%,LEP v5.1,1425,2%(6mm),,,T3:Al200,slt 50mm aerogel scan,,
1447,1373,02/04/2025,23:55,2:54,250,1.11,1.01,N,625(5us),2%,LEP v5.1,1425,2%(6mm),,,T3:Al200,slt 50mm aerogel scan,,
1448,1374,03/04/2025,3:04,6:00,260,1.11,1.01,N,625(5us),2%,LEP v5.1,1425,2%(6mm),,,T3:Al200,slt 50mm aerogel scan,,
1449,1375,03/04/2025,6:01,6:01,260,1.11,1.01,N,625(5us),2%,LEP v5.1,1425,2%(6mm),,,T3:Al200,slt 50mm aerogel scan ran before Led run so stopped,,
1450,1375,03/04/2025,6:47,8:45,270,1.11,1.01,N,625(5us),2%,LEP v5.1,1425,2%(6mm),,,T3:Al200,slt 50mm aerogel scan: End run due to beam stop by power glitch at 7:13,,
1451,1376,03/04/2025,9:59,12:11,270,1.11,1.01,N,625(5us),2%,LEP v5.1,1425,2%(6mm),,,T3:Al200,beam is back after power glitch,,
1452,BAD,BAD,BAD,BAD,BAD,BAD,BAD,BAD,BAD,BAD,BAD,BAD,BAD,BAD,,BAD,BAD,,
1453,BAD,BAD,BAD,BAD,BAD,BAD,BAD,BAD,BAD,BAD,BAD,BAD,BAD,BAD,,BAD,BAD,,
1454,,04/04/2025,23:37,,330,1.075,1.01,N,625(5us),2%,LEP v5.1,1426,2%(6mm),300,,T3:Al200,Aerogel scan - Bad run,,
1455,,05/04/2025,0:00,4:05,330,1.075,1.01,N,625(5us),2%,LEP v5.1,1426,2%(6mm),300,,T3:Al200,,,
1456,1398,05/04/2025,4:11,9:21,340,1.075,1.01,N,625(5us),2%,LEP v5.1,1426,2%(6mm),300,,T3:Al200,,,
1457,1403,05/04/2025,22:07,3:00,-200,1.15,1.01,N,625(5us),2%,LEP v5.1,1429,2%(6mm),60,,T3:Al200,Aerogel Negative scan ,,
1458,14:05,06/04/2025,3:04,7:23,-210,1.15,1.01,N,625(5us),2%,LEP v5.1,1429,2%(6mm),60,,T3:Al200,Aerogel Negative scan ,,
1459,1406,06/04/2025,7:30,11:48,-220,1.15,1.01,N,625(5us),2%,LEP v5.1,1429,2%(6mm),90,,T3:Al200,Aerogel Negative scan ,,
1460,1407,06/04/2025,12:05,16:24,-230,1.15,1.01,N,625(5us),2%,LEP v5.1,1432,2%(6mm),50,,T3:Al200,Aerogel Negative scan ,,
1461,1412,06/04/2025,20:24,20:47,-200,OUT,1.01,N,5000,OUT,LEMB v5.1,1429,2%(6mm),1000,,T3:Al200,"Special run: electrons, only ACT0",,
1462,1413,06/04/2025,20:53,21:13,-190,OUT,1.01,N,5000,OUT,LEMB v5.1,1438,2%(6mm),1000,,T3:Al200,"Special run: electrons, only ACT0",,
1463,1414,06/04/2025,21:17,21:33,-180,OUT,1.01,N,5000,OUT,LEMB v5.1,1439,2%(6mm),780,,T3:Al200,"Special run: electrons, only ACT0",,
1464,1415,06/04/2025,21:37,21:56,-170,OUT,1.01,N,5000,OUT,LEMB v5.1,1440,2%(6mm),830,,T3:Al200,"BAD Special run: electrons, only ACT0",,
1465,1416,06/04/2025,22:01,22:17,-170,OUT,1.01,N,5000,OUT,LEMB v5.1,1440,2%(6mm),830,,T3:Al200,"Special run: electrons, only ACT0",,
1466,1417,06/04/2025,22:22,22:39,-160,OUT,1.01,N,5000,OUT,LEMB v5.1,1441,2%(6mm),550,,T3:Al200,"Special run: electrons, only ACT0",,
1467,1418,06/04/2025,22:44,23:07,-150,OUT,1.01,N,5000,OUT,LEMB v5.1,1442,2%(6mm),660,,T3:Al200,"Special run: electrons, only ACT0",,
1468,1419,06/04/2025,23:34,3:34,-240,1.15,1.01,N,5000,OUT,LEP v5.1,1443,2%(6mm),149,,T3:Al200,Aerogel Negative scan ,,
1469,1420,07/04/2025,3:36,6:40,-250,1.15,1.01,N,5000,OUT,LEP v5.1,1444,2%(6mm),75,,T3:Al200,Aerogel Negative scan ,,
1470,1421,07/04/2025,6:43,10:01,-260,1.15,1.01,N,5000,OUT,LEP v5.1,1445,2%(6mm),180,,T3:Al200,Aerogel Negative scan ,,
1471,1422,07/04/2025,12:17,15:02,-230,1.13,1.01,N,625(5us),2%,LEP v5.1,1432,2%(6mm),115,,T3:Al200,Aerogel Negative scan ,,
1472,1432,07/04/2025,20:16,21:38,-250,1.13,1.01,N,625(5us),2%,LEP v5.1,1444,2%(6mm),115,,T3:Al200,Aerogel Negative scan ,,
1473,1432,07/04/2025,21:45,23:08,-250,1.13,1.01,N,625(5us),2%,LEP v5.1,1444,2%(6mm),115,,T3:Al200,Aerogel Negative scan ,,
1474,1433,07/04/2025,23:25,3:32,-260,1.13,1.01,N,625(5us),2%,LEP v5.1,1444,2%(6mm),115,,T3:Al200,Aerogel Negative scan ,,
1475,1434,08/04/2025,3:43,7:09,-270,1.13,1.01,N,625(5us),2%,LEP v5.1,1444,2%(6mm),115,,T3:Al200,Aerogel Negative scan ,,
1476,1435,08/04/2025,7:14,10:31,-280,1.13,1.01,N,625(5us) ,2%,LEP v5.1,1448,2%(6mm),175,,T3:Al200,Aerogel Negative scan ,,
1477,1436,08/04/2025,10:33,13:22,-290,1.13,1.01,N,625(5us),2%,LEP v5.1,1449,2%(6mm),290,,T3:Al200,Aerogel Negative scan ,,
1478,-,08/04/2025,14:51,15:36,-290,1.13,1.01,N,625(5us),2%,LEP v5.1,1449,2%(6mm),290,,T3:Al200,"BAD run, empty spills",,
1479,-,08/04/2025,18:00,18:31,-290,1.13,1.01,N,625(5us) ,2%,LEP v5.1,1449,2%(6mm),250,,T3:Al200,Aerogel Negative scan AFTER DEGAUSS,,
1480,1440,08/04/2025,18:35,19:23,-280,1.13,1.01,N,625(5us) ,2%,LEP v5.1,1448,2%(6mm),150,,T3:Al200,Aerogel Negative scan AFTER increase mpmt trigger window,,
1481,1441,08/04/2025,19:26,20:17,-270,1.13,1.01,N,625(5us) ,2%,LEP v5.1,1447,2%(6mm),215,,T3:Al200,Aerogel Negative scan ,,
1482,1442,08/04/2025,20:46,23:59,-270,1.11,1.01,N,625(5us) ,2%,LEP v5.1,1447,2%(6mm),215,,T3:Al200,Aerogel Negative scan ,,
1483,1443,09/04/2025,0:15,3:30,-280,1.11,1.01,N,625(5us) ,2%,LEP v5.1,1447,2%(6mm),215,,T3:Al200,Aerogel Negative scan ,,
1484,1444,09/04/2025,3:44,6:28,-290,1.11,1.01,N,625(5us) ,2%,LEP v5.1,1447,2%(6mm),215,,T3:Al200,Aerogel Negative scan ,,
1485,1445,09/04/2025,6:36,8:30,-300,1.11,1.01,N,625(5us) ,2%,LEP v5.1,1447,2%(6mm),215,,T3:Al200,"Aerogel Negative scan, Dropped packets from 8:30",,
1486,1446,09/04/2025,9:00,9:10,-300,1.11,1.01,N,625(5us) ,2%,LEP v5.1,1447,2%(6mm),268,,T3:Al200,Aerogel Negative scan. Dropped packets and stopped immediately.,,
1487,1447,09/04/2025,9:27,10:37,-300,1.11,1.01,N,625(5us) ,2%,LEP v5.1,1447,2%(6mm),278,,T3:Al200,Aerogel Negative scan. ,,
1488,1448,09/04/2025,10:38,13:12,-310,1.11,1.01,N,625(5us) ,2%,LEP v5.1,1451,2%(6mm),336,,T3:Al200,Aerogel Negative scan. ,,
1489,1452,09/04/2025,15:06,18:16,-330,1.075,1.01,N,625(5us) ,2%,LEP v5.1,1453,2%(6mm),380,,T3:Al200,Aerogel Negative scan. ,,
1490,1455,09/04/2025,19:15,22:58,-320,1.075,1.01,N,750(6us) ,2%,LEP v5.1,1452,2%(6mm),320,,T3:Al200,Aerogel Negative scan AFTER Increase Deadtime,,
1491,1457,09/04/2025,23:08,2:16,-310,1.075,1.01,N,750(6us) ,2%,LEP v5.1,1451,2%(6mm),406,,T3:Al200,Aerogel Negative scan. ,,
1492,1458,10/04/2025,2:26,5:30,-300,1.075,1.01,N,750(6us) ,2%,LEP v5.1,1450,2%(6mm),233,,T3:Al200,Aerogel Negative scan. ,,
1493,1459,10/04/2025,5:39,7:43,-340,1.075,1.01,N,750(6us) ,2%,LEP v5.1,1455,2%(6mm),498,,T3:Al200,Aerogel Negative scan. ,,
1494,1460,10/04/2025,7:50,9:56,-350,1.075,1.01,N,750(6us) ,2%,LEP v5.1,1456,2%(6mm),480,,T3:Al200,Aerogel Negative scan. ,,
1495,1461,10/04/2025,10:03,11:52,-360,1.075,1.01,N,750(6us) ,2%,LEP v5.1,1454,2%(6mm),650,,T3:Al200,Aerogel Negative scan. ,,
1496,1462,10/04/2025,12:29,14:32,-370,1.075,1.01,N,750(6us) ,2%,LEP v5.1,1457,2%(6mm),650,,T3:Al200,Aerogel Negative scan. ,,
1497,-,10/04/2025,15:16,15:35,-310,1.06,1.01,N,750(6us) ,2%,LEP v5.1,1451,2%(6mm),370,,T3:Al200,Aerogel Negative scan. ,,
1498,-,10/04/2025,17:37,17:49,-400,1.06,1.01,N,750(6us) ,2%,LEP v5.1,1451,2%(6mm),2200,,T3:Al200,"DESY table move (0 , 0) - (L,R)",,
1499,-,10/04/2025,17:51,18:02,-400,1.06,1.01,N,750(6us) ,2%,LEP v5.1,1451,2%(6mm),2400,,T3:Al200,"DESY table move (0 , 0.5) - (L,R)",,
1500,-,10/04/2025,18:12,18:23,-400,1.06,1.01,N,750(6us) ,2%,LEP v5.1,1451,2%(6mm),2700,,T3:Al200,"DESY table move (0 , 1.0) - (L,R)",,
1501,-,10/04/2025,18:25,18:35,-400,1.06,1.01,N,750(6us) ,2%,LEP v5.1,1451,2%(6mm),2500,,T3:Al200,"DESY table move (0 , 1.5) - (L,R)",,
1502,-,10/04/2025,18:37,18:47,-400,1.06,1.01,N,750(6us) ,2%,LEP v5.1,1451,2%(6mm),2200,,T3:Al200,"DESY table move (0 , 2.0) - (L,R)",,
1503,-,10/05/2025,18:50,-,-400,1.06,1.01,N,750(6us) ,2%,LEP v5.1,1451,2%(6mm),-,,T3:Al200,BAD,,
1504,-,10/04/2025,18:57,19:07,-400,1.06,1.01,N,750(6us) ,2%,LEP v5.1,1451,2%(6mm),,,T3:Al200,"DESY table move (0.5 , 0) - (L,R)",,
1505,-,10/04/2025,19:09,19:26,-400,1.06,1.01,N,750(6us) ,2%,LEP v5.1,1451,2%(6mm),1500,,T3:Al200,"DESY table move (1.0 , 0) - (L,R)",,
1506,-,10/04/2025,19:29,19:40,-400,1.06,1.01,N,750(6us) ,2%,LEP v5.1,1451,2%(6mm),1200,,T3:Al200,"DESY table move (1.5 , 0) - (L,R)",,
1507,-,10/04/2025,19:42,19:53,-400,1.06,1.01,N,750(6us) ,2%,LEP v5.1,1451,2%(6mm),800,,T3:Al200,"DESY table move (2.0 , 0) - (L,R)",,
1508,1472,10/04/2025,21:07,22:56,-350,1.06,1.01,N,750(6us) ,2%,LEP v5.1,1456,2%(6mm),1600,,T3:Al200,Aerogel Negative scan. ,all 2% and maybe also above are probably incorrect and should be 8% -- see Brunos elog entry 601,
1509,1473,10/04/2025,23:05,1:14,-360,1.06,1.01,N,750(6us) ,2%,LEP v5.1,1454,2%(6mm),1700,,T3:Al200,Aerogel Negative scan. ,,
1510,1474,11/04/2025,1:26,3:32,-370,1.06,1.01,N,750(6us) ,2%,LEP v5.1,1457,2%(6mm),1970,,T3:Al200,Aerogel Negative scan. ,,
1511,1475,11/04/2025,6:12,8:17,-380,1.06,1.01,N,750(6us) ,2%,LEP v5.1,1458,2%(6mm),1972,,T3:Al200,Aerogel Negative scan. ,,
1512,1476,11/04/2025,8:22,10:32,-390,1.06,1.01,N,750(6us) ,2%,LEP v5.1,1459,2%(6mm),2400,,T3:Al200,Aerogel Negative scan. ,,
1513,1477,11/04/2025,13:08,15:20,-400,1.06,1.01,N,750(6us) ,2%,LEP v5.1,1460,2%(6mm),1900,,T3:Al200,Aerogel Negative scan. ,,
1514,1478,11/04/2025,15:38,18:13,-410,1.06,1.01,N,750(6us) ,2%,LEP v5.1,1461,2%(6mm),2500,,T3:Al200,Aerogel Negative scan. ,,
1515,1486,11/04/2025,21:35,23:34,-400,1.047,1.01,N,750(6us) ,2%,LEP v5.1,1460,2%(6mm),1490,,T3:Al200,Aerogel Negative scan. ,,
1516,1487,12/04/2025,0:03,2:08,-420,1.047,1.01,N,750(6us) ,2%,LEP v5.1,1462,2%(6mm),1690,,T3:Al200,Aerogel Negative scan. ,,
1517,1488,12/04/2025,2:21,4:21,-410,1.047,1.01,N,750(6us) ,2%,LEP v5.1,1461,2%(6mm),1112,,T3:Al200,Aerogel Negative scan. ,,
1518,1489,12/04/2025,4:28,6:26,-430,1.047,1.01,N,750(6us) ,2%,LEP v5.1,1463,2%(6mm),1779,,T3:Al200,Aerogel Negative scan. ,,
1519,1490,12/04/2025,6:41,8:47,-440,1.047,1.01,N,750(6us) ,2%,LEP v5.1,1464,2%(6mm),1100,,T3:Al200,Aerogel Negative scan. ,,
1520,1491,12/04/2025,9:01,11:08,-450,1.047,1.01,N,750(6us) ,2%,LEP v5.1,1465,2%(6mm),2500,,T3:Al200,Aerogel Negative scan. ,,
1521,1492,12/04/2025,11:40,12:20,-460,1.047,1.01,N,750(6us) ,2%,LEP v5.1,1466,2%(6mm),2100,,T3:Al200,Aerogel Negative scan. Stopped due to drop packages,,
1522,1492,12/04/2025,12:35,13:18,-460,1.047,1.01,N,750(6us) ,2%,LEP v5.1,1466,2%(6mm),2100,,T3:Al200,Aerogel Negative scan.,,
1523,1497,12/04/2025,16:33,17:38,-520,1.03,1.01,N,750(6us) ,1%,LEP v5.1,1472,2%(6mm),1500,,T3:Al200,Aerogel Negative scan. After electron veto to 1%,,
1524,1499,12/04/2025,18:03,19:15,-530,1.03,1.01,N,750(6us) ,1%,LEP v5.1,1473,2%(6mm),1700,,T3:Al200,Aerogel Negative scan. After electron veto to 1%,,
1525,1501,12/04/2025,19:31,20:37,-540,1.03,1.01,N,750(6us) ,1%,LEP v5.1,1474,2%(6mm),1600,,T3:Al200,Aerogel Negative scan. After electron veto to 1%,,
1526,1504,12/04/2025,21:06,22:30,-550,1.03,1.01,N,750(6us) ,1%,LEP v5.1,1475,2%(6mm),2000,,T3:Al200,Aerogel Negative scan. After electron veto to 1%,,
1527,1506,12/04/2025,22:48,23:57,-560,1.03,1.01,N,750(6us) ,1%,LEP v5.1,1476,2%(6mm),1850,,T3:Al200,Aerogel Negative scan. After electron veto to 1%,,
1528,1509,13/04/2025,1:40,1:52,240,1.11,1.01,N,750(6us) ,1%,LEP v5.1,1406,2%(6mm),410,,T3:Al200,Aerogel Positive scan. After electron veto to 1%,too high ACT rates?,
1529,1510,13/04/2025,1:55,5:55,240,1.11,1.01,N,1050(8.4us) ,1%,LEP v5.1,1406,2%(6mm),430,,T3:Al200,Aerogel Positive scan. After electron veto to 1%,longer deadtime to match longer window size to catch Michel e,
1530,1512,13/04/2025,6:11,10:25,250,1.11,1.01,N,1050(8.4us) ,1%,LEP v5.1,1379,2%(6mm),350,,T3:Al200,Aerogel Positive scan. After electron veto to 1%,,
1531,1514,13/04/2025,10:48,14:54,260,1.11,1.01,N,1050(8.4us) ,1%,LEP v5.1,1380,2%(6mm),600,,T3:Al200,Aerogel Positive scan. After electron veto to 1%,,
1532,1518,13/04/2025,16:42,19:53,300,1.075,1.01,N,1050(8.4us) ,2%,LEP v5.1,1371,2%(6mm),700,,T3:Al200,Aerogel Positive scan. After electron veto to 2%,,
1533,1520,13/04/2025,20:16,22:27,300,1.075,1.01,N,1050(8.4us) ,2%,LEP v5.1,1371,2%(6mm),790,,T3:Al200,Aerogel Positive scan. After electron veto to 2%,,
1534,1521,13/04/2025,22:29,23:36,300,1.075,1.01,N,1050(8.4us) ,2%,LEP v5.1,1371,2%(6mm),840,,T3:Al200,Aerogel Positive scan. After electron veto to 2%,,
1535,1522,14/04/2025,0:05,2:09,310,1.075,1.01,N,1050(8.4us) ,2%,LEP v5.1,1370,2%(6mm),700,,T3:Al200,Aerogel Positive scan. After electron veto to 2%,[CHECK] The beam config hasn't changed in this block despite mom change,
1536,1524,14/04/2025,2:30,5:30,310,1.075,1.01,N,1050(8.4us) ,2%,LEP v5.1,1370,2%(6mm),770,,T3:Al200,Aerogel Positive scan. After electron veto to 2%,[CHECK] The beam config hasn't changed in this block despite mom change,
1537,1526,14/04/2025,5:50,6:50,310,1.075,1.01,N,1050(8.4us) ,2%,LEP v5.1,1370,2%(6mm),600,,T3:Al200,Aerogel Positive scan. After electron veto to 2%,[CHECK] The beam config hasn't changed in this block despite mom change,
1538,1528,14/04/2025,7:09,10:12,320,1.075,1.01,N,1050(8.4us) ,2%,LEP v5.1,1370,2%(6mm),800,,T3:Al200,Aerogel Positive scan. After electron veto to 2%,[CHECK] The beam config hasn't changed in this block despite mom change,
1539,1531,14/04/2025,10:43,14:20,320,1.075,1.01,N,1050(8.4us) ,2%,LEP v5.1,1370,2%(6mm),920,,T3:Al200,Aerogel Positive scan. After electron veto to 2%,[CHECK] The beam config hasn't changed in this block despite mom change,
1540,1536,14/04/2025,15:45,16:56,220,out,1.01,N,750(6us) ,99%,LEP v5.1,1386,2%(6mm),1400,,T3:Al200,"Electron Scan, No ACT 12345",,
1541,1537,14/04/2025,17:00,18:05,210,out,1.01,N,750(6us) ,99%,LEP v5.1,1385,2%(6mm),950,,T3:Al200,"Electron Scan, No ACT 12345",,
1542,1538,14/04/2025,18:08,18:58,200,out,1.01,N,750(6us) ,99%,LEP v5.1,1484,2%(6mm),1100,,T3:Al200,"Electron Scan, No ACT 12345",Stopped run due to high mPMT 106 at end of run.,
1543,1540,14/04/2025,19:15,20:20,190,out,1.01,N,750(6us) ,99%,LEP v5.1,1479,2%(6mm),650,,T3:Al200,"Electron Scan, No ACT 12345","Stopped run as normal, but mPMT106 still high, experts looking at rebooting the MPMT service during the run.",
1544,1541,14/04/2025,20:38,21:40,180,out,1.01,N,750(6us) ,99%,LEP v5.1,1480,2%(6mm),640,,T3:Al200,"Electron Scan, No ACT 12345",Electron scna run after MPMT106 Masked,
1545,1542,14/04/2025,21:42,22:52,170,out,1.01,N,750(6us) ,99%,LEP v5.1,1481,2%(6mm),370,,T3:Al200,"Electron Scan, No ACT 12345",,
1546,1545,15/04/2025,2:00,5:35,270,1.11,1.01,N,1050,2%,LEP v5.1,1381,2%(6mm),600,,,"ACT3,4",no beam at 05:12,
1547,1556,15/04/2025,7:18,8:47,270,1.11,1.01,N,1050,2%,LEP v5.1,1381,2%(6mm),600,,T3:Al200,"ACT3,4",,
1548,1560,15/04/2025,9:15,9:45,280,1.11,1.01,N,1050,2%,LEP v5.1,1381,2%(6mm),500,,T3:Al200,"ACT3,4","Unsure whether the beam profile finished loading, very probably yes, plots look good; only GUI was too old",
1549,1561,15/04/2025,9:51,12:33,280,1.11,1.01,N,1050,2%,LEP v5.1,1381,2%(6mm),500,,T3:Al200,"ACT3,4",,
1550,1562,15/04/2025,12:40,14:33,280,1.11,1.01,N,1050,2%,LEP v5.1,1381,2%(6mm),450,,T3:Al200,"ACT3,4",,
1551,1566,15/04/2025,16:16,16:35,1500,1.02,1.01,N,750(6us) ,2%,LEP v5.1,1489,1%(3mm),2660,,T3:Al200,"ACT3,4, upstream collimator was 10mm",,
1552,1567,15/04/2025,16:51,17:17,1500,1.02,1.01,N,750(6us) ,2%,LEP v5.1,1489,1%(3mm),3700,,T3:Al200,"ACT3,4, upstream collimator was 12mm",,
1553,None,15/04/2025,17:40,18:10,1500,out,1.02,N,750(6us) ,2%,LEP v5.1,1489,1%(3mm),2690,,T3:Al200,ACT0 (1.02) and ACT1+2 (1.01). Test run whilst ACTs are cooling down after being turned back on.,,
1554,1569,15/04/2025,18:29,18:59,1500,out,1.02,N,750(6us) ,2%,LEP v5.1,1489,1%(3mm),2370,,T3:Al200,First proper run after ACT cool downTest run whilst ACTs are cooling down after being turned back on.,"Bad data, ACT2 Light Leak",
1555,None,15/04/2025,19:43,20:30,1500,out,1.02,N,750(6us) ,2%,LEP v5.1,1489,1%(3mm),2500,,T3:Al200,"Run after changing light leak in ACT2 Box, n toolDAQ, just testing as ACT boxes ramp down","ACT Light Leak Fixed, Box Change",
1556,1570,15/04/2025,20:31,21:34,1500,out,1.02,N,750(6us) ,2%,LEP v5.1,1489,1%(3mm),2600,,T3:Al200,First beam run after ACT Light Fix,Particle rate is 11000,
1557,1571,15/04/2025,21:36,22:29,1400,out,1.02,N,750(6us) ,2%,LEP v5.1,1488,1%(3mm),2170,,T3:Al200,"High Momentum Run, ACT345 out.",Particle rate is 10000,
1558,1574,16/04/2025,0:25,3:03,260,1.11,1.01,N,1050,2%,LEP v5.1,1380,2%(6mm),80,,T3:Al200,"ACT3,4 installed",no beam at 02:40,
1559,1576,16/04/2025,3:20,4:20,260,1.11,1.01,N,1050,2%,LEP v5.1,1380,2%(6mm),80,,T3:Al200,"ACT3,4 installed",,
1560,1578,16/04/2025,4:35,7:36,270,1.11,1.01,N,1050,2%,LEP v5.1,1381,2%(6mm),80,,T3:Al200,"ACT3,4 installed",,
1561,1580,16/04/2025,7:50,10:58,280,1.11,1.01,N,1050,2%,LEP v5.1,1381,2%(6mm),100,,T3:Al200,"ACT3,4 installed",,
1562,1582,16/04/2025,12:06,13:59,160,out,1.01,N,750(6us) ,99%,LEP v5.1,1481,2%(6mm),500,,T3:Al200,"Electron Scan, No ACT 12345",,
1563,1586,16/04/2025,14:27,15:41,150,out,1.01,N,750(6us) ,99%,LEP v5.1,1481,2%(6mm),210,,T3:Al200,"Electron Scan, No ACT 12345",,
1564,-,16/04/2025,17:11,17:31,-1500,out,1.02,N,750(6us) ,20%,LEP v5.1,1493,1%(3mm),2050,,T3:Al200,"High Momentum Run at Neg polarity, ACT1,2=1.01",,
1565,???,16/04/2025,17:32,18:02,1500,out,1.02,N,750(6us) ,1%,LEP v5.1,1489,1%(3mm),3900,,T3:Al200,Slit collimator upstream at 15mm,Run rash,
1566,1589,16/04/2025,1803,19:55,1500,out,1.02,N,750(6us) ,1%,LEP v5.1,1489,1%(3mm),4000,,T3:Al200,Slit collimator upstream at 15mm,,
1567,,16/04/2025,19:00,,1500,out,1.02,N,750(6us) ,1%,LEP v5.1,1489,1%(6mm),4000,,T3:Al200,BAD,,
1568,1590/1591,16/04/2025,19:07,20:10,1500,out,1.02,N,750(6us) ,1%,LEP v5.1,1489,1%(3mm),4000,,T3:Al200,Slit collimator upstream at 15mm,,
1569,-,16/04/2025,20:53,21:06,790,1.015,1.01,N,750(6us) ,1%,LEP v5.1,1494,1%(3mm),2500,,T3:Al200,"Aerogel scan, upstream at 30 mm",,
1570,-,16/04/2025,21:12,21:30,780,1.015,1.01,N,750(6us) ,1%,LEP v5.1,1365,1%(3mm),2200,,T3:Al200,"Aerogel scan, upstream at 30 mm",,
1571,-,16/04/2025,21:33,21:48,770,1.015,1.01,N,750(6us) ,1%,LEP v5.1,1495,1%(3mm),2600,,T3:Al200,"Aerogel scan, upstream at 30 mm",,
1572,-,16/04/2025,21:52,22:14,760,1.015,1.01,N,750(6us) ,1%,LEP v5.1,1496,1%(3mm),2200,,T3:Al200,"Aerogel scan, upstream at 30 mm",,
1573,-,16/04/2025,22:16,22:34,750,1.015,1.01,N,750(6us) ,1%,LEP v5.1,1497,1%(3mm),2500,,T3:Al200,"Aerogel scan, upstream at 30 mm",,
1574,-,16/04/2025,22:39,23:03,800,1.015,1.01,N,750(6us) ,1%,LEP v5.1,1498,1%(3mm),1800,,T3:Al200,"Aerogel scan, upstream at 30 mm",,
1575,1592,16/04/2025,23:23,0:24,770,1.015,1.01,N,750(6us) ,1%,LEP v5.1,1495,1%(3mm),2800,,T3:Al200,RUN1,Fine,
1576,1593,17/04/2025,0:30,1:52,770,1.015,1.01,N,750(6us) ,1%,LEP v5.1,1495,1%(3mm),2700,,T3:Al200,RUN1.2,"Stopped/Complete with Error at end of VME run, but run.sh runs fine",
1578,1595,17/04/2025,2:15,3:50,770,1.015,1.01,N,750(6us) ,1%,LEP v5.1,1495,1%(3mm),2700,,T3:Al200,RUN2,"BAD, Error:no space left on device",
1579,1596,17/04/2025,4:35,5:14,770,1.015,1.01,N,750(6us) ,1%,LEP v5.1,1495,1%(3mm),2700,,T3:Al200,RUN2.2,"BAD, Error:no space left on device",
1580,1598,17/04/2025,5:40,6:58,770,1.015,1.01,N,750(6us) ,1%,LEP v5.1,1495,1%(3mm),2700,,T3:Al200,,"Error at end of VME run, but run.sh runs fine",
1581,1600,17/04/2025,7:24,9:27,770,1.015,1.01,N,750(6us) ,1%,LEP v5.1,1495,1%(3mm),2700,,T3:Al200,,,
1582,1602,17/04/2025,9:41,11:47,770,1.015,1.01,N,750(6us) ,1%,LEP v5.1,1495,1%(3mm),2700,,T3:Al200,,,
1583,1604,17/04/2025,12:05,12:26,780,1.015,1.01,N,750(6us) ,1%,LEP v5.1,1365,1%(3mm),2700,,T3:Al200,,dopped packets,
1584,1605,17/04/2025,12:37,12:42,780,1.015,1.01,N,750(6us) ,1%,LEP v5.1,1365,1%(3mm),3000,,T3:Al200,,dropped packets,
1585,1606,17/04/2025,12:53,14:49,780,1.015,1.01,N,750(6us) ,1%,LEP v5.1,1365,1%(3mm),2500,,T3:Al200,,,
1586,1608,17/04/2025,15:06,17:24,780,1.015,1.01,N,750(6us) ,1%,LEP v5.1,1365,1%(3mm),2500,,T3:Al200,,,
1587,1610,17/04/2025,17:55,20:13,760,1.015,1.01,N,750(6us) ,1%,LEP v5.1,1496,1%(3mm),2260,,T3:Al200,,,
1588,1612,17/04/2025,20:37,22:49,760,1.015,1.01,N,750(6us) ,1%,LEP v5.1,1496,1%(3mm),2250,,T3:Al200,,,
1589,-,17/04/2025,23:21,23:31,-830,1.015,1.01,N,750(6us) ,1%,LEP v5.1,1499,1%(3mm),1800,,T3:Al200,,,
1590,-,17/04/2025,23:33,23:43,-820,1.015,1.01,N,750(6us) ,1%,LEP v5.1,1500,1%(3mm),1400,,T3:Al200,,,
1591,-,17/04/2025,23:45,23:55,-810,1.015,1.01,N,750(6us) ,1%,LEP v5.1,1501,1%(3mm),1400,,T3:Al200,,,
1592,-,17/04/2025,23:58,0:12,-800,1.015,1.01,N,750(6us) ,1%,LEP v5.1,1502,1%(3mm),1350,,T3:Al200,,,
1595,1615,18/04/2025,0:47,2:47,-800,1.015,1.01,N,750(6us) ,1%,LEP v5.1,1502,1%(3mm),1400,,T3:Al200,,,
1596,1618,18/04/2025,3:15,3:50,-800,1.015,1.01,N,750(6us) ,1%,LEP v5.1,1502,1%(3mm),1400,,T3:Al200,,dropped packets,
1597,1619,18/04/2025,3:56,5:56,-800,1.015,1.01,N,750(6us) ,1%,LEP v5.1,1502,1%(3mm),1400,,T3:Al200,,,
1598,1621,18/04/2025,6:10,8:12,-810,1.015,1.01,N,750(6us) ,1%,LEP v5.1,1501,1%(3mm),1700,,T3:Al200,,,
1599,1624,18/04/2025,8:30,10:38,-810,1.015,1.01,N,750(6us) ,1%,LEP v5.1,1501,1%(3mm),1700,,T3:Al200,,,
1600,1631,18/04/2025,12:37,14:43,-820,1.015,1.01,N,750(6us) ,1%,LEP v5.1,1500,1%(3mm),2000,,T3:Al200,,,
1601,1633,18/04/2025,15:04,16:39,-820,1.015,1.01,N,750(6us) ,1%,LEP v5.1,1500,1%(3mm),2000,,T3:Al200,,,
1602,1634,18/04/2025,16:52,17:57,-820,1.015,1.01,N,750(6us) ,1%,LEP v5.1,1500,1%(3mm),2000,,T3:Al200,,,
1603,-,18/04/2025,19:05,19:21,320,1.075,1.01,N,1050(8.4us) ,1%,LEP v5.1,1368,2%(6mm),120,,T3:Al200,TOF: 300,,
1604,,18/04/2025,19:24,19:40,340,1.075,1.01,N,1050(8.4us) ,1%,LEP v5.1,1369,2%(6mm),180,,T3:Al200,TOF: 320,,
1605,1636,18/04/2025,20:23,23:29,340,1.075,1.01,N,1050(8.4us) ,1%,LEP v5.1,1369,2%(6mm),160,,T3:Al200,TOF: 320,,
1606,1638,18/04/2025,23:50,2:53,340,1.075,1.01,N,1050(8.4us) ,1%,LEP v5.1,1369,2%(6mm),160,,T3:Al200,,,
1607,1640,19/04/2025,3:38,3:43,330,1.075,1.01,N,1050(8.4us) ,,LEP v5.1,1367,2%(6mm),50,,T3:Al200,,,
1608,1641,19/04/2025,3:48,6:48,320,1.075,1.01,N,1050(8.4us) ,1%,LEP v5.1,1368,2%(6mm),140,,T3:Al200,,,
1609,1643,19/04/2025,7:07,8:37,320,1.075,1.01,N,1050(8.4us) ,1%,LEP v5.1,1368,2%(6mm),140,,T3:Al200,,dropped packets,
1610,1644,19/04/2025,8:44,8:47,320,1.075,1.01,N,1050(8.4us) ,1%,LEP v5.1,1368,2%(6mm),140,,T3:Al200,,dropped packets,
1611,1645,19/04/2025,8:51,10:25,320,1.075,1.01,N,1050(8.4us) ,1%,LEP v5.1,1368,2%(6mm),140,,T3:Al200,,,
1612,1647,19/04/2025,10:47,10:50,330,1.075,1.01,N,1050(8.4us) ,1%,LEP v5.1,1508,2%(6mm),100,,T3:Al200,,,
1613,1648,19/04/2025,10:54,13:59,330,1.075,1.01,N,1050(8.4us) ,1%,LEP v5.1,1508,2%(6mm),100,,T3:Al200,,,
1614,1650,19/04/2025,14:30,17:40,330,1.075,1.01,N,1050(8.4us) ,1%,LEP v5.1,1508,2%(6mm),100,,T3:Al200,,,
1615,1659,19/04/2025,20:39,23:42,330,1.075,1.01,N,1050(8.4us) ,1%,LEP v5.1,1508,2%(6mm),100,,T3:Al200,,,
1617,1661,20/04/2025,0:15,1:55,330,1.075,1.01,N,1050(8.4us) ,1%,LEP v5.1,1508,2%(6mm),110,,T3:Al200,,high mpmt frequency mPMT 130 PMT 15 at the end off the run,
1618,1662,20/04/2025,2:03,3:36,330,1.075,1.01,N,1050(8.4us) ,1%,LEP v5.1,1508,2%(6mm),110,,T3:Al200,,high frequncy mPMT 130 PMT 15 few minues at the end of the run,
1619,-,20/04/2025,3:54,4:04,-330,1.075,1.01,N,1050(8.4us) ,1%,LEP v5.1,1453,2%(6mm),-,,T3:Al200,,Test run to determine true beam energy,
1620,1664,20/04/2025,4:17,5:20,-350,1.075,1.01,N,1050(8.4us) ,1%,LEP v5.1,1456,2%(6mm),205,,T3:Al200,,dropped packets,
1622,1665,20/04/2025,5:50,7:45,-350,1.075,1.01,N,1050(8.4us) ,1%,LEP v5.1,1456,2%(6mm),205,,T3:Al200,,Beam Abort,
1623,1667,20/04/2025,8:06,9:26,-350,1.075,1.01,N,1050(8.4us) ,1%,LEP v5.1,1456,2%(6mm),200,,T3:Al200,,RBU crash leading to dropped packets,
1624,1668,20/04/2025,9:30,9:38,-350,1.075,1.01,N,1050(8.4us) ,1%,LEP v5.1,1456,2%(6mm),200,,T3:Al200,,dropped packets,
1625,1669,20/04/2025,9:54,10:04,-350,1.075,1.01,N,1050(8.4us) ,1%,LEP v5.1,1456,2%(6mm),180,,T3:Al200,,dropped packets,
1626,1670,20/04/2025,10:45,13:45,-350,1.075,1.01,N,1050(8.4us) ,1%,LEP v5.1,1456,2%(6mm),200,,T3:Al200,,,
1627,1673,20/04/2025,14:30,17:27,-340,1.075,1.01,N,1050(8.4us) ,1%,LEP v5.1,1455,2%(6mm),115,,T3:Al200,,,
1628,1675,20/04/2025,18:17,21:33,-340,1.075,1.01,N,1050(8.4us) ,1%,LEP v5.1,1455,2%(6mm),119,,T3:Al200,,,
1629,1677,20/04/2025,21:44,0:44,-340,1.075,1.01,N,1050(8.4us) ,1%,LEP v5.1,1455,2%(6mm),119,,T3:Al200,,RBU crash ended TollDAQ run,
1630,1679,21/04/2025,1:28,2:26,-340,1.075,1.01,N,1050(8.4us) ,1%,LEP v5.1,1455,2%(6mm),110,,T3:Al200,,,
1631,-,21/04/2025,2:47,2:57,-310,1.075,1.01,N,1050(8.4us) ,1%,LEP v5.1,1451,2%(6mm),120,,T3:Al200,,Test run to determine true beam energy,
1632,1681,21/04/2025,2:59,5:56,-320,1.075,1.01,N,1050(8.4us) ,1%,LEP v5.1,1452,2%(6mm),125,,T3:Al200,,,
1633,1683,21/04/2025,6:17,9:20,-320,1.075,1.01,N,1050(8.4us) ,1%,LEP v5.1,1452,2%(6mm),110,,T3:Al200,,,
1634,1685,21/04/2025,9:44,10:30,-320,1.075,1.01,N,1050(8.4us) ,1%,LEP v5.1,1452,2%(6mm),110,,T3:Al200,,Wrong Muon Momenta and Muon/Pion Separation,
1635,1686,21/04/2025,10:33,13:25,-320,1.075,1.01,N,1050(8.4us) ,1%,LEP v5.1,1452,2%(6mm),110,,T3:Al200,,,
1636,,21/04/2025,13:48,13:56,-320,1.075,1.01,N,1050(8.4us) ,1%,LEP v5.1,1452,2%(6mm),125,,T3:Al200,,Stopped. mPMT run couldn't be created.,
1637,1689,21/04/2025,14:24,17:14,-320,1.075,1.01,N,1050(8.4us) ,1%,LEP v5.1,1452,2%(6mm),120,,T3:Al200,,No beam from parts 03 to 26,
1639,1691,21/04/2025,17:48,20:48,-330,1.075,1.01,N,1050(8.4us) ,1%,LEP v5.1,1452,2%(6mm),120,,T3:Al200,,,
1640,1693,21/04/2025,21:06,0:07,-330,1.075,1.01,N,1050(8.4us) ,1%,LEP v5.1,1452,2%(6mm),138,,T3:Al200,,,
1641,1695,22/04/2025,0:35,3:08,-330,1.075,1.01,N,1050(8.4us) ,1%,LEP v5.1,1452,2%(6mm),132,,T3:Al200,,,
1642,1698,22/04/2025,3:45,6:32,320,1.075,1.01,N,1050(8.4us) ,1%,LEP v5.1,1368,2%(6mm),130,,T3:Al200,,,
1643,1700,22/04/2025,6:49,9:28,320,1.075,1.01,N,1050(8.4us) ,1%,LEP v5.1,1368,2%(6mm),110,,T3:Al200,,,
1644,,22/04/2025,10:39,10:40,320,1.075,1.01,N,1050(8.4us) ,1%,LEP v5.1,1368,2%(6mm),110,,T3:Al200,,Bad Run,
1645,1703,22/04/2025,10:42,14:23,340,1.075,1.01,N,1050(8.4us) ,1%,LEP v5.1,1369,2%(6mm),190,,T3:Al200,,,
1647,1707,22/04/2025,16:33:00,19:42,260,1.11,1.01,N,1050(8.4us) ,1%,LEP v5.1,1380,2%(6mm),57,,T3:Al200,,,
1649,1710,22/04/2025,20:42,21:21,260,1.11,1.01,N,1050(8.4us) ,1%,LEP v5.1,1380,2%(6mm),57,,T3:Al200,,"Bad run, RBU died in the middle of the process",
1650,1711,22/04/2025,21:22,0:12,260,1.11,1.01,N,1050(8.4us) ,1%,LEP v5.1,1380,2%(6mm),57,,T3:Al200,,,
1651,1713,23/04/2025,0:37,3:31,260,1.11,1.01,N,1050(8.4us) ,1%,LEP v5.1,1380,2%(6mm),52,,T3:Al200,,,
1652,1715,23/04/2025,3:51,4:04,270,1.11,1.01,N,1050(8.4us) ,1%,LEP v5.1,1381,2%(6mm),55,,T3:Al200,,,
1653,1716,23/04/2025,4:11,6:53,280,1.11,1.01,N,1050(8.4us) ,1%,LEP v5.1,1382,2%(6mm),64,,T3:Al200,,,
1654,1718,23/04/2025,7:13,8:05,270,1.11,1.01,N,1050(8.4us) ,1%,LEP v5.1,1381,2%(6mm),,,T3:Al200,,,
1655,1748,23/04/2025,22:50,1:51,270,1.11,1.01,N,1050(8.4us) ,1%,LEP v5.1,1381,2%(6mm),57,,T3:Al200,,,
1656,1751,24/04/2025,2:50,5:23,270,1.11,1.01,N,1050(8.4us) ,1%,LEP v5.1,1381,2%(6mm),50,,T3:Al200,,,
1657,1753,24/04/2025,5:39,8:44,270,1.11,1.01,N,1050(8.4us) ,1%,LEP v5.1,1381,2%(6mm),50,,T3:Al200,,,
1658,1755,24/04/2025,9:06,11:57,270,1.11,1.01,N,1050(8.4us) ,1%,LEP v5.1,1381,2%(6mm),45,,T3:Al200,,,
1659,1773,24/04/2025,23:40,1:29,270,1.11,1.01,N,1050(8.4us) ,1%,LEP v5.1,1381,2%(6mm),45,,T3:Al200,,,
1660,1775,25/04/2025,1:52,4:53,260,1.11,1.01,N,1050(8.4us) ,1%,LEP v5.1,1380,2%(6mm),60,,T3:Al200,,,
1661,1777,25/04/2025,5:09,7:23,260,1.11,1.01,N,1050(8.4us) ,1%,LEP v5.1,1380,2%(6mm),60,,T3:Al200,,RBU crashed at end of run ,
1662,1779,25/04/2025,7:50,10:23,260,1.11,1.01,N,1050(8.4us) ,1%,LEP v5.1,1380,2%(6mm),60,,T3:Al200,,,
1664,1781,25/04/2025,10:48,11:07,-270,1.11,1.01,N,13000(104us) ,1%,LEPLi9 v2.0,1447,2%(6mm),60,,T3:Al200,,,
1665,1782,25/04/2025,11:08,14:42,-270,1.11,1.01,N,13000(104us) ,1%,LEPLi9 v2.0,1447,2%(6mm),60,,T3:Al200,,,
1666,1784,25/04/2025,15:03,16:01,-270,1.11,1.01,N,13000(104us) ,1%,LEPLi9 v2.0,1447,2%(6mm),60,,T3:Al200,,,
1667,1785,25/04/2025,16:18,16:59,-270,1.11,1.01,N,13000(104us) ,1%,LEPLi9 v2.0,1447,2%(6mm),80,,T3:Al200,,,
1668,1786,25/04/2025,19:07,22:21,500,out,out,N,1050(8.4us) ,1%,TP05 v4.4 ,1391,1%(3mm),1600,,T1:B200+W3,500 Tag Gamma,,
1669,1788,25/04/2025,22:42,1:42,500,out,out,N,1050(8.4us) ,1%,TP05 v4.4 ,1391,1%(3mm),1600,,T1:B200+W3,500 Tag Gamma,,
1670,1790,26/04/2025,1:59,5:03,500,out,out,N,1050(8.4us) ,1%,TP05 v4.4 ,1391,1%(3mm),1840,,T1:B200+W3,500 Tag Gamma,,
1671,1792,26/04/2025,5:20,8:28,500,out,out,N,1050(8.4us) ,1%,TP05 v4.4 ,1391,1%(3mm),1974,,T1:B200+W3,500 Tag Gamma,,
1672,1794,26/04/2025,8:47,11:43,500,out,out,N,1050(8.4us) ,1%,TP05 v4.4 ,1391,1%(3mm),1942,,T1:B200+W3,500 Tag Gamma,,
1673,1796,26/04/2025,11:56,14:22,500,out,out,N,1050(8.4us) ,1%,TP05 v4.4 ,1391,1%(3mm),1736,,T1:B200+W3,500 Tag Gamma,,
1674,1798,26/04/2025,14:39,14:47,500,out,out,N,41625(8.4us) ,1%,TPNH v4.4,1391,1%(3mm),1543,,T1:B200+W3,T0+T2 check (no HODO on trigger),,
1675,1800,26/04/2025,15:14,16:00,500,out,out,N,41625(8.4us) ,1%,T0TOF v1.2,1391,1%(3mm),2300,,T1:B200+W3,Momentum check 500 T0+TOF (no mag),"wrong trigger setting, should be v1.1",
1676,1802,26/04/2025,17:14,17:29,650,out,out,N,41625(8.4us) ,1%,T0TOF v1.2,1394,1%(3mm),1500,,T1:B200+W3,Momentum check 650 T0+TOF (no mag),"wrong trigger setting, should be v1.1",
1677,1803,26/04/2025,17:49,18:03,650,out,out,N,41625(8.4us) ,1%,TPNH v4.4,1394,1%(3mm),1550,,T1:B200+W3,T0+T2 check (no HODO on trigger),,
1678,1804,26/04/2025,18:09,21:16,650,out,out,N,1050(8.4us) ,1%,TP05 v4.4 ,1394,1%(3mm),1800,,T1:B200+W3,650 Tag Gamma,,
1679,1806,26/04/2025,21:36,0:33,650,out,out,N,1050(8.4us) ,1%,TP05 v4.4 ,1394,1%(3mm),1800,,T1:B200+W3,650 Tag Gamma,,
1680,1808,27/04/2025,0:50,3:52,650,out,out,N,1050(8.4us) ,1%,TP05 v4.4 ,1394,1%(3mm),1800,,T1:B200+W3,650 Tag Gamma,,
1681,1810,27/04/2025,4:08,7:12,650,out,out,N,1050(8.4us) ,1%,TP05 v4.4 ,1394,1%(3mm),1800,,T1:B200+W3,650 Tag Gamma,,
1682,1812,27/4/2025,7:31,10:30,800,out,out,N,1050(8.4us) ,1%,TP08v4.4,1389,1%(3mm),1800,,T1:B200+W3,800 Tag Gamma,VME DAQ unresponsive when quitting the run,
1683,1814,27/4/2025,10:51,12:07,800,out,out,N,1050(8.4us) ,1%,TP08v4.4,1389,1%(3mm),1800,,T1:B200+W3,800 Tag Gamma,,
1684,1816,27/4/2025,15:50,16:08,800,out,out,N,41625(8.4us) ,1%,TPNH v4.4,1389,1%(3mm),1800,,T1:B200+W3,T0+T2 check (no HODO on trigger),,
1685,1817,27/4/2025,16:26,16:48,800,out,out,N,41625(8.4us) ,1%,T0TOF v1.2,1391,1%(3mm),2300,,T1:B200+W3,Momentum check 800 T0+TOF (no mag),"wrong trigger setting, should be v1.1",
1686,1818,27/4/2025,16:54,17:18,800,out,out,N,41625(8.4us) ,1%,T0TOF v1.1,1391,1%(3mm),2300,,T1:B200+W3,Momentum check 800 T0+TOF (no mag),repeated with correct trigger setting v1.1,
1687,1819,27/4/2025,17:29,17:45,800,out,out,N,41625(8.4us) ,1%,TPNH v4.4,1389,1%(3mm),1800,,T1:B200+W3,T0+T2 check (no HODO on trigger),,
1688,1820,27/4/2025,17:48,20:48,800,out,out,N,1050(8.4us) ,1%,TP08v4.4,1389,1%(3mm),1800,,T1:B200+W3,800 Tag Gamma,,
1689,1825,27/4/2025,22:32,0:00,800,out,out,N,1050(8.4us) ,1%,TP08v4.4,1389,1%(3mm),1800,,T1:B200+W3,800 Tag Gamma,,
1691,,,,,,,,,,,,,,,,,,,
1692,,,,9:27,,,,,,,,,,,,,,,
1693,1833,28/4/2025,9:27,9:53,1000,out,out,N,41625(8.4us) ,,TPNH v4.4,1398,1%(3mm),1800,,T1:B200+W3,Hodoscope response check ,,
1694,1834,28/4/2025,10:00,10:16,1000,out,out,N,41625(8.4us) ,,T0TOF v1.1,1398,1%(3mm),1800,,T1:B200+W3,Momentum check 1000 T0+TOF (no mag),,
1695,1835,28/4/2025,10:21,11:08,450,out,out,N,41625(8.4us) ,,T0TOF v1.1,1509,1%(3mm),1800,,T1:B200+W3,Momentum check 450 T0+TOF (no mag),,
1696,1836,28/4/2025,11:17,11:32,450,out,out,N,41625(8.4us) ,,TPNH v4.4,1509,1%(3mm),1800,,T1:B200+W3,Hodoscope response check ,,
1697,1837,28/4/2025,11:40,11:51,375,out,out,N,41625(8.4us) ,,TPNH v4.4,1510,1%(3mm),1800,,T1:B200+W3,Hodoscope response check ,,
1698,1838,28/4/2025,12:00,12:44,375,out,out,N,41625(8.4us) ,,T0TOF v1.1,1510,1%(3mm),2000,,T1:B200+W3,Momentum check 375 T0+TOF (no mag),,
1699,1839,28/4/2025,12:57,13:12,325,out,out,N,41625(8.4us) ,,TPNH v4.4,1511,1%(3mm),1250,,T1:B200+W3,Hodoscope response check ,,
1700,1840,28/4/2025,14:02,14:14,325,out,out,N,1050(8.4us) ,,LEP v5.1,1511,1%(3mm),100,,T1:B200+W3,Attempted momentum check at 325 MeV,ToolDAQ dropped packets - expected as ACTs turned on,
1701,-,28/4/2025,21:15,21:39,325,out,out,N,1050(8.4us) ,,LEP v5.1,1511,1%(3mm),130,,T1:B200+W3,Attempted momentum check at 325 MeV,,
1702,1841,28/4/2025,22:06,22:19,325,out,out,N,1050(8.4us) ,,LEP v5.1,1511,1%(3mm),130,,T1:B200+W3,"mPMT run, LEP v5.1, 325 MeV/c","Error starting acquisition - PPS reset failed or time too long: {""cc_on_delay"":927656166736 ,""cc_on_enter"":920300962501 ,""cc_on_run"":927931507633 ,""delay_to_pps"":2000 ,""pps_reset_detected"":0 }",
1703,1842,28/4/2025,22:28,22:48,325,out,out,N,1050(8.4us) ,,LEP v5.1,1511,1%(3mm),130,,T1:B200+W3,Attempted momentum check at 325 MeV,,
1704,1844,28/4/2025,23:15,1:25,-340,1.11,1.01,N,13000(104us) ,1%,LEP9Li v2.0,1455,2%(6mm),500,,T1:B200+W3,"VME run accidentally ""quit"" not ""stop""; data lost?",RBU crashed,
1705,1846,29/4/2025,1:28,4:42,-340,1.11,1.01,N,13000(104us) ,1%,LEP9Li v2.0,1455,2%(6mm),500,,T1:B200+W3,,,
1707,1848,29/4/2025,4:53,7:51,-340,1.11,1.01,N,13000(104us) ,1%,LEP9Li v2.0,1455,2%(6mm),500,,T1:B200+W3,,,
1709,1850,29/4/2025,8:10,8:45,-320,1.075,1.01,N,13000(104us) ,1%,LEP9Li v2.0,1452,2%(6mm),170,,Al300,,RBU crashed,
1710,1851,29/4/2025,8:50,11:23,-320,1.075,1.01,N,13000(104us) ,1%,LEP9Li v2.0,1452,2%(6mm),170,,Al300,,,
1711,1853,29/4/2025,11:40,12:23,-320,1.075,1.01,N,13000(104us) ,1%,LEP9Li v2.0,1452,2%(6mm),170,,Al300,,,
1712,1855,29/4/2025,13:36,17:30,780,1.015,1.01,N,13000(104us) ,1%,LEP v5.1,1365,2%(6mm),,,Al300,,,
1713,1856,29/4/2025,16:04,18:29,780,1.015,1.01,N,13000(104us) ,1%,LEP v5.1,1365,2%(6mm),,,Al300,,,
1714,1857,29/4/2025,19:35,20:08,780,1.015,1.01,N,13000(104us) ,1%,LEP v5.1,1365,2%(6mm),,,Al300,,,
1715,1858,29/4/2025,20:10,21:20,780,1.015,1.01,N,13000(104us) ,1%,LEP v5.1,1365,2%(6mm),,,Al300,,,
1716,1859,29/4/2025,21:40,0:40,780,1.015,1.01,N,13000(104us) ,1%,LEP v5.1,1365,2%(6mm),,,Al300,,,
Runs not recorded here - looks like problem tooldaq runs ,,,,,,,,,,,,,,,,,,,
,,,,,,,,,,,,,,,,,,,
1724,1866,30/4/2025,2:40,5:42,780,1.015,1.01,N,13000(104us) ,1%,LEP v5.1,1365,2%(6mm),,,Al300,,dropped packets [45],
1725,1868,30/4/2025,5:55,7:25,780,1.015,1.01,N,13000(104us) ,1%,LEP v5.1,1365,2%(6mm),,,Al300,,dropped packets [45],
1726,1870,30/4/2025,8:46,9:40,1100,N,1.03,N,1050(8.4us),1%,LEP v5.1,1485,1%(3mm),2000,,Al300,,,
1727,1871,30/4/2025,9:41,10:10,1100,N,1.03,N,1050(8.4us),1%,LEP v5.1,1485,1%(3mm),2000,,Al300,,,
1728,1873,30/4/2025,10:15,11:22,1200,N,1.03,N,1050(8.4us),1%,LEP v5.1,1486,1%(3mm),2000,,Al300,,,
1729,1875,30/4/2025,11:36,1240,1300,N,1.03,N,1050(8.4us),1%,LEP v5.1,1487,1%(3mm),2000,,Al300,,,
1730,1877,30/4/2025,13:02,14:30,1400,N,1.03,N,1050(8.4us),1%,LEP v5.1,1488,1%(3mm),2400,,Al300,,,
1731,1878,30/4/2025,14:30,14:40,1400,N,1.03,N,1050(8.4us),1%,LEP v5.1,1488,2%(6mm),5100,,Al300,,,
1732,1879,30/4/2025,14:45,14:52,1400,N,1.03,N,1050(8.4us),1%,LEP v5.1,1488,2%(6mm),6700,,Al300,,,
1733,1880,30/4/2025,14:58,15:04,1400,N,1.03,N,1050(8.4us),1%,LEP v5.1,1488,2%(6mm),5100,,Al300,,,
1734,1881,30/4/2025,15:21,15:36,1400,N,1.03,N,1050(8.4us),1%,LEP v5.1,1488,2%(6mm),5100,,Al300,,,
1735,1882,30/4/2025,15:39,16:27,1400,N,1.03,N,1050(8.4us),1%,LEP v5.1,1379,2%(6mm),5100,,Al300,,,
1736,1883,30/4/2025,18:33,21:38,250,1.11,1.01,N,1050(8.4us),1%,LEP v5.1,1379,2%(6mm),30,,Al300,,,
1737,1886,30/4/2025,21:58,1:06,250,1.11,1.01,N,1050(8.4us),1%,LEP v5.1,1379,2%(6mm),30,,Al300,,,
1738,1888,1/5/2025,1:30,4:40,250,1.11,1.01,N,1050(8.4us),1%,LEP v5.1,1379,2%(6mm),30,,Al300,,,
1739,1890,1/5/2025,4:53,7:53,250,1.11,1.01,N,1050(8.4us),1%,LEP v5.1,1379,2%(6mm),30,,Al300,,,
1740,1892,1/5/2025,8:10,,250,1.11,1.01,N,1050(8.4us),1%,LEP v5.1,1379,2%(6mm),30,,Al300,,,
1741,1893,1/5/2025,8:27,9:56,240,1.11,1.01,N,1050(8.4us),1%,LEP v5.1,1406,2%(6mm),30,,Al300,,,
1742,none,1/5/2025,12:56,13:29,370,1.06,1.01,N,1050(8.4us),1%,LEP v5.1,1423,2%(6mm),200,,Al300,Run to determine beam momentum while ACT rates still high,,
1743,1898,1/5/2025,13:46,16:47,370,1.06,1.01,N,1050(8.4us),1%,LEP v5.1,1423,2%(6mm),200,,Al300,,,
1744,1900,1/5/2025,17:03,17:27,370,1.06,1.01,N,1050(8.4us),1%,LEP v5.1,1423,2%(6mm),200,,Al300,Stopeed as could not check data to confirm is ok (ana_calib core dumped),,
1745,1901,1/5/2025,17:31,19:12,370,1.06,1.01,N,1050(8.4us),1%,LEP v5.1,1423,2%(6mm),200,,Al300,,,
1746,1903,1/5/2025,19:48,22:35,-370,1.06,1.01,N,1050(8.4us),1%,LEP9Li v2.0,1457,2%(6mm),280,,Al300,,,
1747,1905,1/5/2025,22:50,0:03,-370,1.06,1.01,N,1050(8.4us),1%,LEP9Li v2.0,1457,2%(6mm),280,,Al300,,,
1749,1907,2/5/2025,0:24,3:24,-370,1.06,1.01,N,13000(104us) ,1%,LEP9Li v2.0,1457,2%(6mm),280,,Al300,,,
1750,1909,2/5/2025,3:38,6:17,-370,1.06,1.01,N,13000(104us) ,1%,LEP9Li v2.0,1457,2%(6mm),280,,Al300,,,
1751,1911,2/5/2025,6:31,7:40,-360,1.06,1.01,N,13000(104us) ,1%,LEP9Li v2.0,1454,2%(6mm),180,,Al300,,,
1755,1916,2/5/2025,8:19,9:20,-360,1.06,1.01,N,13000(104us),1%,LEP9Li v2.0,1454,2%(6mm),180,,Al300,,,
1756,none,2/5/2025,9:40,9:50,-390,1.06,1.01,N,13000(104us),1%,LEP9Li v2.0,1559,2%(6mm),180,,Al300,run vme to check momentum while tooldaq run issues,,
1757,1918,2/5/2025,9:54,11:30,-390,1.06,1.01,N,13000(104us),1%,LEP9Li v2.0,1559,2%(6mm),180,,Al300,,,
1758,1919,2/5/2025,11:57,13:45,-390,1.06,1.01,N,13000(104us),1%,LEP9Li v2.0,1559,2%(6mm),180,,Al300,,,
1759,1920,2/5/2025,13:46,15:04,-390,1.06,1.01,N,13000(104us),1%,LEP9Li v2.0,1559,2%(6mm),180,,Al300,,,
1760,1921,2/5/2025,15:18,16:45,-390,1.06,1.01,N,13000(104us),1%,LEP9Li v2.0,1559,2%(6mm),180,,Al300,,,
1761,1928,2/5/2025,19:43,22:20,-260,1.11,1.01,N,13000(104us),1%,LEP9Li v2.0,1446,2%(6mm),180,,Al300,,,
1762,1930,2/5/2025,22:34,1:35,-260,1.11,1.01,N,13000(104us),1%,LEP9Li v2.0,1446,2%(6mm),180,,Al300,,,
1763,1932,3/5/2025,1:51,5:01,-260,1.11,1.01,N,13000(104us),1%,LEP9Li v2.0,1446,2%(6mm),180,,Al300,,,
1764,1934,3/5/2025,5:11,7:10,-260,1.11,1.01,N,13000(104us),1%,LEP9Li v2.0,1446,2%(6mm),180,,Al300,,,
1765,1935,3/5/2025,7:15,9:03,-260,1.11,1.01,N,13000(104us),1%,LEP9Li v2.0,1446,2%(6mm),180,,Al300,,,
1766,1936,3/5/2025,9:05,11:00,-260,1.11,1.01,N,13000(104us),1%,LEP9Li v2.0,1446,2%(6mm),180,,Al300,,,
1767,1937,3/5/2025,11:03,14:00,-260,1.11,1.01,N,13000(104us),1%,LEP9Li v2.0,1446,2%(6mm),180,,Al300,,,
1768,1938,3/5/2025,14:05,17:00,-260,1.11,1.01,N,13000(104us),1%,LEP9Li v2.0,1446,2%(6mm),180,,Al300,,,
1769,1939,3/5/2025,17:03,19:59,-260,1.11,1.01,N,13000(104us),1%,LEP9Li v2.0,1446,2%(6mm),180,,Al300,,,
1770,1941,3/5/2025,20:19,23:15,-260,1.11,1.01,N,13000(104us),1%,LEP9Li v2.0,1446,2%(6mm),180,,Al300,,,
1771,1943,3/5/2025,23:31,2:40,-260,1.11,1.01,N,13000(104us),1%,LEP9Li v2.0,1446,2%(6mm),80,,Al300,,,
1772,1945,4/5/2025,2:58,5:59,-270,1.11,1.01,N,13000(104us),1%,LEP9Li v2.0,1447,2%(6mm),80,,Al300,,,
1773,1947,4/5/2025,6:11,9:03,-270,1.11,1.01,N,13000(104us),1%,LEP9Li v2.0,1447,2%(6mm),80,,Al300,,,
1774,1948,4/5/2025,9:09,12:28,-270,1.11,1.01,N,13000(104us),1%,LEP9Li v2.0,1447,2%(6mm),80,,Al300,,,
1775,1950,4/5/2025,12:42,14:46,-270,1.11,1.01,N,13000(104us),1%,LEP9Li v2.0,1447,2%(6mm),80,,Al300,,,
1776,1952,4/5/2025,14:56,18:00,-270,1.11,1.01,N,13000(104us),1%,LEP9Li v2.0,1447,2%(6mm),80,,Al300,,,
1777,1954,4/5/2025,18:14,20:58,-270,1.11,1.01,N,13000(104us),1%,LEP9Li v2.0,1447,2%(6mm),80,,Al300,,,
1778,1956,4/5/2025,21:11,23:04,-270,1.11,1.01,N,13000(104us),1%,LEP9Li v2.0,1447,2%(6mm),80,,Al300,,,
1779,1962,4/5/2025,23:49,2:54,-270,1.11,1.01,N,13000(104us),1%,LEP9Li v2.0,1447,2%(6mm),80,,Al300,,,
1780,1964,5/5/2025,3:06,6:11,-270,1.11,1.01,N,13000(104us),1%,LEP9Li v2.0,1447,2%(6mm),80,,Al300,,,
1781,1967,5/5/2025,7:31,7:40,-270,1.11,1.01,N,13000(104us),1%,LEP9Li v2.0,1447,2%(6mm),80,,Al300,,,
1782,1968,5/5/2025,7:41,10:37,-270,1.11,1.01,N,13000(104us),1%,LEP9Li v2.0,1447,2%(6mm),80,,Al300,,,
1783,1971,5/5/2025,11:08,11:30,-280,1.11,1.01,N,13000(104us),1%,LEP9Li v2.0,1448,2%(6mm),80,,Al300,,,
1784,1972,5/5/2025,11:30,13:05,-280,1.11,1.01,N,13000(104us),1%,LEP9Li v2.0,1448,2%(6mm),80,,Al300,,,
1785,1974,5/5/2025,13:24,13:45,-280,1.11,1.01,N,13000(104us),1%,LEP9Li v2.0,1448,2%(6mm),80,,Al300,,,
1786,1975,5/5/2025,,,-280,1.11,1.01,N,13000(104us),1%,LEP9Li v2.0,1448,2%(6mm),80,,Al300,,,
1787,1976,5/5/2025,13:49,14:20,-280,1.11,1.01,N,13000(104us),1%,LEP9Li v2.0,1448,2%(6mm),80,,Al300,,,
1788,1990,5/5/2025,19:40,20:52,-280,1.11,1.01,N,13000(104us),1%,LEP9Li v2.0,1448,2%(6mm),80,,Al300,,,
1789,1992,5/5/2025,21:14,21:56,-280,1.11,1.01,N,13000(104us),1%,LEP9Li v2.0,1448,2%(6mm),80,,Al300,,,
1790,1994,5/5/2025,22:14,1:15,-280,1.11,1.01,N,13000(104us),1%,LEP9Li v2.0,1448,2%(6mm),97,,Al300,,,
1791,1996,6/5/2025,1:31,4:38,-280,1.11,1.01,N,13000(104us),1%,LEP9Li v2.0,1448,2%(6mm),106,,Al300,,,
1792,1998,6/5/2025,4:53,6:52,-280,1.11,1.01,N,13000(104us),1%,LEP9Li v2.0,1448,2%(6mm),126,,Al300,,,
1793,2000,6/5/2025,7:15,9:16,-280,1.11,1.01,N,13000(104us),1%,LEP9Li v2.0,1448,2%(6mm),145,,Al300,,,
1794,2004,6/5/2025,12:00,12:30,-360,1.06,1.01,N,13000(104us),1%,LEP9Li v2.0,1454,2%(6mm),145,,Al300,,,
1795,2005,6/5/2025,12:34,12:58,-360,1.06,1.01,N,13000(104us),1%,LEP9Li v2.0,1454,2%(6mm),145,,Al300,,,
1796,2006,6/5/2025,12:58,13:30,-360,1.06,1.01,N,13000(104us),1%,LEP9Li v2.0,1454,2%(6mm),145,,Al300,,,
1796,2007,6/5/2025,13:51,16:12,-360,1.06,1.01,N,13000(104us),1%,LEP9Li v2.0,1454,2%(6mm),145,,Al300,"VME run number does not increase, probably due to crash last run",,
1797,2009,6/5/2025,16:27,19:26,-360,1.06,1.01,N,13000(104us),1%,LEP9Li v2.0,1454,2%(6mm),145,,Al300,,,
1798,2011,6/5/2025,19:44,20:31,-360,1.06,1.01,N,13000(104us),1%,LEP9Li v2.0,1454,2%(6mm),145,,Al300,,,
1799,2013,6/5/2025,21:17,22:14,380,1.06,1.01,N,1050(8.4us),1%,LEP v5.1,1421,2%(6mm),145,,Al300,,,
1800,2017,6/5/2025,22:39,1:44,380,1.06,1.01,N,1050(8.4us),1%,LEP v5.1,1421,2%(6mm),791,,Al300,,,
1801,2019,7/5/2025,1:57,5:02,380,1.06,1.01,N,1050(8.4us),1%,LEP v5.1,1421,2%(6mm),767,,Al300,,,
1802,2021,7/5/2025,5:15,7:15,380,1.06,1.01,N,1050(8.4us),1%,LEP v5.1,1421,2%(6mm),653,,Al300,,,
1803,2023,7/5/2025,7:29,9:41,370,1.06,1.01,N,1050(8.4us),1%,LEP v5.1,1423,2%(6mm),565,,Al300,,,
1804,2025,7/5/2025,9:52,11:55,370,1.06,1.01,N,1050(8.4us),1%,LEP v5.1,1423,2%(6mm),565,,Al300,,,
1805,2027,7/5/2025,12:15,14:15,360,1.06,1.01,N,1050(8.4us),1%,LEP v5.1,1423,2%(6mm),565,,Al300,,,
1806,2029,7/5/2025,14:32,17:32,360,1.06,1.01,N,1050(8.4us),1%,LEP v5.1,1423,2%(6mm),565,,Al300,,,
1807,2036,8/5/2025,22:20,0:19,-440,1.047,1.01,N,1050(8.4us),1%,LEP v5.1,1464,2%(6mm),500,,Al300,,,
1808,2038,8/5/2025,0:42,3:47,-440,1.047,1.01,N,1050(8.4us),1%,LEP v5.1,477,2%(6mm),500,,Al300,,,
1809,2040,8/5/2025,4:02,5:35,-440,1.047,1.01,N,1050(8.4us),1%,LEP v5.1,499,2%(6mm),500,,Al300,,,
1810,2042,8/5/2025,5:51,7:50,-430,1.047,1.01,N,1050(8.4us),1%,LEP v5.1,440,2%(6mm),500,,Al300,,,
1811,2044,8/5/2025,8:33,9:15,-430,1.047,1.01,N,1050(8.4us),1%,LEP v5.1,440,2%(6mm),500,,Al300,,,
1812,2045,8/5/2025,9:18,,-430,1.047,1.01,N,1050(8.4us),1%,LEP v5.1,440,2%(6mm),500,,Al300,,,
1813,,8/5/2025,9:25,,-430,1.047,1.01,N,1050(8.4us),1%,LEP v5.1,440,2%(6mm),500,,Al300,,,
1814,2046,8/5/2025,10:17,12:14,-430,1.047,1.01,N,1050(8.4us),1%,LEP v5.1,440,2%(6mm),500,,Al300,,,
1816,2058,8/5/2025,22:27,1:35,-430,1.047,1.01,N,1050(8.4us),1%,LEP v5.1,1463,2%(6mm),600,,Al300,,,
1817,2060,9/5/2025,1:40,3:03,-430,1.047,1.01,N,1050(8.4us),1%,LEP v5.1,1463,2%(6mm),640,,Al300,,,
1818,2062,9/5/2025,3:20,6:24,-420,1.047,1.01,N,1050(8.4us),1%,LEP v5.1,1462,2%(6mm),780,,Al300,,,
1819,2064,9/5/2025,6:38,9:50,-420,1.047,1.01,N,1050(8.4us),1%,LEP v5.1,1462,2%(6mm),781,,Al300,,,
1820,2066,9/5/2025,10:09,10:39,-420,1.047,1.01,N,1050(8.4us),1%,LEP v5.1,1462,2%(6mm),781,,Al300,,,
1821,2067,9/5/2025,10:49,11:19,-420,1.047,1.01,N,1050(8.4us),1%,LEP v5.1,1462,2%(6mm),781,,Al300,,,
1822,2068,9/5/2025,11:32,12:09,-420,1.047,1.01,N,1050(8.4us),1%,LEP v5.1,1462,2%(6mm),781,,Al300,,,
1823,2069,9/5/2025,12:14,13:11,-420,1.047,1.01,N,1050(8.4us),1%,LEP v5.1,1462,2%(6mm),781,,Al300,,,
1824,2070,9/5/2025,13:17,13:30,-420,1.047,1.01,N,1050(8.4us),1%,LEP v5.1,1462,2%(6mm),781,,Al300,,,
1825,2071,9/5/2025,13:31,14:18,-420,1.047,1.01,N,1050(8.4us),1%,LEP v5.1,1462,2%(6mm),781,,Al300,,,
1826,2073,9/5/2025,14:35,14:57,450,1.047,1.01,N,1050(8.4us),1%,LEP v5.1,1182,2%(6mm),781,,Al300,,,
1827,2074,9/5/2025,15:14,15:17,450,1.047,1.01,N,1050(8.4us),1%,LEP v5.1,1182,2%(6mm),500,,Al300,,,
1828,2075,9/5/2025,15:24,15:51,450,1.047,1.01,N,1050(8.4us),1%,LEP v5.1,1182,2%(6mm),500,,Al300,,,
1829,2076,9/5/2025,15:59,16:05,450,1.047,1.01,N,1050(8.4us),1%,LEP v5.1,1182,2%(6mm),500,,Al300,,,
1830,2077,9/5/2025,16:22,16:27,450,1.047,1.01,N,1050(8.4us),1%,LEP v5.1,1182,2%(6mm),500,,Al300,,,
1831,2079,9/5/2025,18:52,21:52,430,1.047,1.01,N,1050(8.4us),1%,LEP v5.1,1195,2%(6mm),500,,Al300,,,
1832,2081,9/5/2025,22:16,1:19,420,1.047,1.01,N,1050(8.4us),1%,LEP v5.1,1410,2%(6mm),350,,Al300,,,
1833,2083,10/5/2025,1:35,2:42,420,1.047,1.01,N,1050(8.4us),1%,LEP v5.1,1410,2%(6mm),340,,Al300,,,
1834,2085,10/5/2025,2:59,5:56,410,1.047,1.01,N,1050(8.4us),1%,LEP v5.1,1409,2%(6mm),309,,Al300,,,
1835,2087,10/5/2025,6:16,9:01,-410,1.047,1.01,N,1050(8.4us),1%,LEP v5.1,1461,2%(6mm),271,,Al300,,,
1836,2089,10/5/2025,9:23,10:26,-420,1.047,1.01,N,1050(8.4us),1%,LEP v5.1,1461,2%(6mm),271,,Al300,,,
1837,2091,10/5/2025,12:45,15:47,540,1.03,1.01,N,1050(8.4us),1%,LEP v5.1,1375,2%(6mm),271,,Al300,,,
1838,2093,10/5/2025,16:06,16:41,540,1.03,1.01,N,1050(8.4us),1%,LEP v5.1,1375,2%(6mm),600,,Al300,,,
1839,2098,10/5/2025,17:44,20:44,530,1.03,1.01,N,1050(8.4us),1%,LEP v5.1,1374,2%(6mm),800,,Al300,,,
1840,2100,10/5/2025,21:08,21:11,520,1.03,1.01,N,1050(8.4us),1%,LEP v5.1,1373,2%(6mm),1150,,Al300,,,
1841,2101,10/5/2025,21:45,0:46,520,1.03,1.01,N,1050(8.4us),1%,LEP v5.1,1373,2%(6mm),800,,Al300,,,
1842,2103,11/5/2025,1:03,4:09,-540,1.03,1.01,N,1050(8.4us),1%,LEP v5.1,1474,2%(6mm),504,,Al300,,,
1843,2105,11/5/2025,4:25,7:31,-530,1.03,1.01,N,1050(8.4us),1%,LEP v5.1,1473,2%(6mm),335,,Al300,,,
1844,2107,11/5/2025,7:55,10:57,-520,1.03,1.01,N,1050(8.4us),1%,LEP v5.1,1472,2%(6mm),335,,Al300,,,
1845,2109,11/5/2025,11:08,13:34,-520,1.03,1.01,N,1050(8.4us),1%,LEP v5.1,1472,2%(6mm),335,,Al300,,,
1846,2110,11/5/2025,13:39,16:17,-520,1.03,1.01,N,1050(8.4us),1%,LEP v5.1,1472,2%(6mm),335,,Al300,,,
1847,2112,11/5/2025,16:35,18:15,-530,1.03,1.01,N,1050(8.4us),1%,LEP v5.1,1473,2%(6mm),350,,Al300,,,
1848,2114,11/5/2025,20:19,20:44,780,1.015,1.01,N,1050(8.4us),1%,LEP v5.1,1365,1%(3mm),2500,,Al300,,,
1849,2115,11/5/2025,20:51,23:07,780,1.015,1.01,N,1050(8.4us),1%,LEP v5.1,1365,2%(6mm),5000,,Al300,,,
1850,2117,11/5/2025,23:28,23:32,780,1.015,1.01,N,1050(8.4us),1%,LEP v5.1,1365,2%(6mm),7400,,Al300,,,
1852,2121,12/5/2025,1:15,1:44,780,1.015,1.01,N,1050(8.4us),1%,LEP v5.1,1365,2%(6mm),7390,,Al300,,,
1853,2122,12/5/2025,1:49,2:28,780,1.015,1.01,N,1050(8.4us),1%,LEP v5.1,1365,2%(6mm),7390,,Al300,,,
1854,2124,12/5/2025,2:45,4:01,780,1.015,1.01,N,1050(8.4us),1%,LEP v5.1,1365,2%(6mm),7345,,Al300,,,
1855,2125,12/5/2025,4:04,6:00,780,1.015,1.01,N,1050(8.4us),1%,LEP v5.1,1365,2%(6mm),7345,,Al300,,,
1856,2127,12/5/2025,6:13,6:30,780,1.015,1.01,N,1050(8.4us),1%,LEP v5.1,1365,2%(6mm),7313,,Al300,,,
1857,2128,12/5/2025,6:35,6:41,780,1.015,1.01,N,1050(8.4us),1%,LEP v5.1,1365,2%(6mm),7313,,Al300,,,
1858,2131,12/5/2025,7:52,,780,1.015,1.01,N,1050(8.4us),1%,LEP v5.1,1365,2%(6mm),7313,,Al300,,,
1859,2132,12/5/2025,8:13,8:24,780,1.015,1.01,N,1050(8.4us),1%,LEP v5.1,1365,1%(3mm),7313,,Al300,,,
1860,2133,12/5/2025,8:31,,780,1.015,1.01,N,1050(8.4us),1%,LEP v5.1,1365,1%(3mm),7313,,Al300,,,
1866,2138,12/5/2025,17:59,20:59,780,1.015,1.01,N,1050(8.4us),1%,LEP v5.1,1365,1%(3mm),3500,,Al300,,,
1867,2140,12/5/2025,21:17,0:22,780,1.015,1.01,N,1050(8.4us),1%,LEP v5.1,1365,1%(3mm),3700,,Al300,,,
1868,2142,13/5/2025,0:36,3:47,780,1.015,1.01,N,1050(8.4us),1%,LEP v5.1,1365,1%(3mm),3617,,Al300,,,
1869,2144,13/5/2025,4:02,7:02,780,1.015,1.01,N,1050(8.4us),1%,LEP v5.1,1365,1%(3mm),3610,,Al300,,,
1870,2147,13/5/2025,7:30,10:52,780,1.015,1.01,N,1050(8.4us),1%,LEP v5.1,1365,1%(3mm),,,Al300,,,
1871,2149,13/5/2026,11:11,11:54,780,1.015,1.01,N,1050(8.4us),1%,LEP v5.1,1365,1%(3mm),,,Al301,,,
1872,2150,13/5/2027,12:04,12:18,780,1.015,1.01,N,1050(8.4us),1%,LEP v5.1,1365,1%(3mm),,,Al302,RBU died ,,
1873,2151,13/5/2028,12:26,12:29,780,1.015,1.01,N,1050(8.4us),1%,LEP v5.1,1365,1%(3mm),,,Al303,Aborted,,
1874,2152,13/5/2029,12:31,12:56,780,1.015,1.01,N,1050(8.4us),1%,LEP v5.1,1365,1%(3mm),,,Al304,,,
1875,2153,13/5/2025,13:03,13:30,780,1.015,1.01,N,1050(8.4us),1%,LEP v5.1,1365,1%(3mm),6454,,Al300,RBU crashed; reason unclear. Started the next run with the same configurations and similar spill frequency,,
1876,2154,13/5/2025,14:09,17:09,780,1.015,1.01,N,1050(8.4us),1%,LEP v5.1,1365,1%(3mm),3500,,Al300,It appears we stopped receiving beam between 14:54 and 15:02,,
1879,2158,13/5/2025,18:57,22:05,200,out,1.015,N,1050(8.4us),8%,LEP v5.1,1210,2%(6mm),100,,Al300,,,
1880,2160,13/5/2025,22:32,23:24,200,out,1.015,N,1050(8.4us),8%,LEP v5.1,1210,2%(6mm),100,,Al300,RBU died,,
1881,2161,13/5/2025,23:21,2:34,200,out,1.015,N,1050(8.4us),8%,LEP v5.1,1210,2%(6mm),100,,Al300,ACT0 and 1 are 1.01 and ACT 2 is 1.015 for all the low momentum runs since afternoon of May 13th,,
1882,2163,14/5/2025,2:51,4:02,200,out,1.015,N,1050(8.4us),8%,LEP v5.1,1210,2%(6mm),100,,Al300,,,
1884,2166,14/5/2025,6:32,8:52,210,out,1.015,N,1050(8.4us),8%,LEP v5.1,1385,2%(6mm),76,,Al300,RBU died,,
1885,2167,14/5/2025,9:03,10:24,210,out,1.015,N,1050(8.4us),8%,LEP v5.1,1385,2%(6mm),62,,Al300,"two pmts (31, 105) drop packets ",,
1886,2168,14/5/2025,10:27,10:30,210,out,1.015,N,1050(8.4us),8%,LEP v5.1,1385,2%(6mm),68,,Al300,,,
1887,2171,14/5/2025,11:07,13:46,210,out,1.015,N,1050(8.4us),8%,LEP v5.1,1385,2%(6mm),68,,Al300,in hardwaretriger_v4 mode,,
1888,2172,14/5/2025,14:04,17:04,210,out,1.015,N,1050(8.4us),8%,LEP v5.1,1385,2%(6mm),88,,Al300,Good_mpmt_beam v49 mode ,,
1889,2174,14/5/2025,17:48,18:08,500,out,1.015,N,1250(10us),,LEMB v5.1,1391,1%(3mm),10000,,Al300,Dropped packets. RBU died. Stopped run manually,,
1890,2175,14/5/2025,18:18,18:38,450,out,1.015,N,1250(10us),,LEMB v5.1,1245,1%(3mm),10000,,Al300,Dropped packets. RBU died. Stopped run manually. Loaded wrong beam config file. Will retake data using newer beam config file.,,
1891,2176,14/5/2025,18:57,19:20,400,out,1.015,N,1250 (10us),,LEMB v5.1,1392,1%(3mm),7000,,Al300,,,
1892,2177,14/5/2025,19:28,19:51,350,out,1.015,N,1250 (10us),,LEMB v5.1,1366,1%(3mm),5000,,Al300,,,
1893,2178,14/5/2025,20:00,20:05,450,out,1.015,N,1250 (10us),,LEMB v5.1,1509,1%(3mm),9000,,Al300,Dropped packets. RBU died. Stopped run manually,,
1894,2179,14/5/2025,20:09,20:26,450,out,1.015,N,1250 (10us),,LEMB v5.1,1509,1%(3mm),4000,,Al300,,,
1895,2180,14/5/20325,20:34,21:04,300,out,1.015,N,1250 (10us),,LEMB v5.1,1393,1%(3mm),3500,,Al300,,,
1896,2181,14/5/2025,21:10,22:19,250,out,1.015,N,1250 (10us),,LEMB v5.1,1379,1%(3mm),2200,,Al300,,,
1897,2183,14/5/2025,22:42,1:44,190,out,1.015,N,1050(8.4us),8%,LEP v5.1,1512,1%(3mm),75,,Al300,,,
1898,2185,15/5/2025,2:01,5:07,190,out,1.015,N,1050(8.4us),8%,LEP v5.1,1512,2%(6mm),75,,Al300,,,
1899,2187,15/5/2025,5:20,8:23,190,out,1.015,N,1050(8.4us),8%,LEP v5.1,1512,2%(6mm),68,,Al301,,,
1900,2189,15/5/2025,8:46,11:03,190,out,1.015,N,1050(8.4us),8%,LEP v5.1,1512,2%(6mm),86,,Al301,,,
1901,2191,15/5/2025,11:24,13:54,200,out,1.015,N,1250 (10us),,LEMB v5.1,1484,2%(6mm),1890,,Al301,,,
1902,2192,15/5/2025,14:03,15:31,180,out,1.015,N,1250 (10us),,LEMB v5.1,1480,2%(6mm),3000,,Be200,,,
1903,2195,15/5/2025,15:35,16:51,160,out,1.015,N,1250 (10us),,LEMB v5.1,1482,2%(6mm),3000,,Be200,,,
1905,2214,16/5/2025,9:25,9:35,140,out,1.015,N,1050,,LEMB v5.1,1514,2%(6mm),2400,,Be200,QDC does not work properly. Stop VME ,,
1906,2214,16/5/2025,9:40,10:12,140,out,1.015,N,1050,,LEMB v5.1,1514,2%(6mm),2400,,Be200,Dropped packets,,
1907,2215,16/5/2025,10:18,11:45,140,out,1.015,N,1050,,LEMB v5.1,1514,2%(6mm),2400,,Be200,,,
1908,2216,16/5/2025,11:50,13:27,120,out,1.015,N,1050,,LEMB v5.1,1515,2%(6mm),1300,,Be200,,,
1909,2217,16/5/2025,13:33,15:37,100,out,1.015,N,1050,,LEMB v5.1,1516,2%(6mm),550,,Be200,,,
1910,2219,16/5/2025,15:57,17:28,80,out,1.015,N,1050,,LEMB v5.1,1517,2%(6mm),210,,Be200,,,
1913,2222,16/5/2025,18:34,19:10,800,1.015,1.01,N,1000,,LEP v5.1,1498,1%(3mm),14600,,Al200,,,
1914,2223,16/5/2025,19:15,19:25,800,1.015,1.01,N,1000,,LEP v5.1,1498,1%(3mm),15000,,Al200,,,
1915,2224,16/5/2025,19:29,19:41,800,1.015,1.01,N,1000,,LEP v5.1,1498,1%(3mm),15000,,Al200,,,
1916,2225,16/5/2025,19:48,20:25,800,1.015,1.01,N,1000,,LEP v5.1,1498,1%(3mm),12500,,Al200,,,
1920,2226,16/5/2025,20:57,21:58,800,1.015,1.01,N,1000,,LEE v5.1,1498/1286,1%(3mm),12900,,Al200,"Weird run, playing with trigger config file, changed beam configuration midway through run. At the end, dropped packets and RBU crashed",,
1921,2227,16/5/2025,22:04,23:27,800,1.015,1.01,N,1000,,LEE v5.1,1498,1%(3mm),12700,,Al200,,,
1922,2228,17/5/2025,0:05,0:18,800,1.015,1.01,N,1000,,LEE v5.1,1498,1%(3mm),13150,,Al200,RBU died,,
1923,2229,17/5/2025,0:30,0:34,800,1.015,1.01,N,1000,,LEE v5.1,1498,1%(3mm),10000,,Al200,RBU died,,
1924,2230,17/5/2025,0:37,2:06,800,1.015,1.01,N,1000,,LEE v5.1,1498,1%(3mm),12671,,Al200,RBU died,,
1925,2232,17/5/2025,2:21,2:25,800,1.015,1.01,N,1000,,LEE v5.1,1498,1%(3mm),12410,,Al200,Dropped packets,,
1926,2233,17/5/2025,2:27,2:33,800,1.015,1.01,N,1000,,LEE v5.1,1498,1%(3mm),12410,,Al200,mpmt stuck in idle state,,
1927,2234,17/5/2025,2:45,2:54,800,1.015,1.01,N,1000,,LEE v5.1,1498,1%(3mm),12410,,Al200,,,
1928,2235,17/5/2025,3:04,3:11,800,1.015,1.01,N,1000,,LEE v5.1,1498,1%(3mm),12410,,Al200,,,
1929,2236,17/5/2025,3:24,3:30,800,1.015,1.01,N,1000,,LEE v5.1,1498,1%(3mm),12410,,Al200,,,
1930,2237,17/5/2025,3:39,3:51,800,1.015,1.01,N,1000,,LEE v5.1,1498,1%(3mm),12410,,Al200,,,
1931,2238,17/5/2025,3:52,5:50,800,1.015,1.01,N,1000,,LEE v5.1,1498,1%(3mm),12700,,Al200,,,
1932,2239,17/5/2025,5:52,8:30,800,1.015,1.01,N,1000,,LEE v5.1,1498,1%(3mm),11700,,Al200,Dropped packets. Run aborted due to no beam. RBU died,,
1933,2240,17/5/2025,8:40,9:42,800,1.015,1.01,N,1000,,LEE v5.1,1498,1%(3mm),12400,,Al200,Dropped packets. RBU died,,
1934,2241,17/5/2025,9:48,10:13,800,1.015,1.01,N,1000,,LEE v5.1,1498,1%(3mm),11700,,Al200,,,
1935,2242,17/5/2025,11:20,12:00,800,1.015,1.01,N,1000,,LEE v5.1,1498,1%(3mm),12000,,Al200,,,
1936,2243,17/5/2025,12:04,13:27,800,1.015,1.01,N,1000,,LEE v5.1,1498,1%(3mm),12000,,Al200,,,
1937,2245,17/5/2025,14:02,14:48,-800,1.015,1.01,N,1000,,LEE v5.1,1502,1%(3mm),11300,,Al200,"After swap the power supply due to overheating / No QDC data for this run, must be studied with BRB ",,
1938,2245,17/5/2025,14:49,17:07,-800,1.015,1.01,N,1000,,LEE v5.1,1502,1%(3mm),11300,,Al200,"We did not have QDC data in the previous VME run, so we Stop the VME and startted a new one ",,
1939,2246,17/5/2025,17:14,18:25,-800,1.015,1.01,N,1000,,LEE v5.1,1502,1%(3mm),11000,,Al200,,,
1940,2248,17/5/2025,18:40,18:49,-800,1.015,1.01,N,1000,,LEE v5.1,1502,1%(3mm),11000,,Al200,Dropped packets at the end of run. RBU died,,
1941,2249,17/5/2025,18:53,19:42,-800,1.015,1.01,N,1000,,LEE v5.1,1502,1%(3mm),11000,,Al200,,,
1942,2251,17/5/2025,19:43,20:04,-800,1.015,1.01,N,1000,,LEE v5.1,1502,1%(3mm),11500,,Al200,,,
1943,2252,17/5/2025,20:07,22:24,-800,1.015,1.01,N,1000,,LEE v5.1,1502,1%(3mm),10700,,Al200,,,
1944,2254,17/5/2025,22:40,1:46,600,1.015,1.01,N,1000,,LEE v5.1,1420,1%(3mm),9900,,Al200,,,
1945,2255,18/5/2025,1:52,4:55,600,1.015,1.01,N,1000,,LEE v5.1,1420,1%(3mm),9906,,Al200,,,
1946,2257,18/5/2025,5:11,7:17,600,1.015,1.01,N,1000,,LEE v5.1,1420,1%(3mm),10068,,Al200,RBU died,,
1947,2258,18/5/2025,7:23,7:26,600,1.015,1.01,N,1000,,LEE v5.1,1420,1%(3mm),10000,,Al200,RBU died,,
1948,2261,18/5/2025,7:56,7:59,600,1.015,1.01,N,1000,,LEE v5.1,1420,1%(3mm),10000,,Al200,RBU died,,
1950,2262,18/5/2025,8:22,9:44,600,1.015,1.01,N,1000,,LEE v5.1,1420,1%(3mm),9500,,Al200,RBU died,,
1951,2263,18/5/2025,9:59,10:22,600,1.015,1.01,N,1000,,LEE v5.1,1420,1%(3mm),9600,,Al200,RBU died,,
1952,2265,18/5/2025,11:54,12:10,600,1.015,1.01,N,1000,,LEE v5.1,1420,1%(3mm),6900,,Al200,RBU died,,
1953,2267,18/5/2025,12:15,12:55,600,1.015,1.01,N,1000,,LEE v5.1,1420,1%(3mm),5000,,Al200,Dropped packets,,
1954,2268,18/5/2025,13:00,13:57,600,1.015,1.01,N,1000,,LEE v5.1,1420,1%(3mm),7500,,Al200,Dropped packets + RBU died,,
1955,2269,18/5/2025,14:00,14:34,600,1.015,1.01,N,1000,,LEE v5.1,1420,1%(3mm),6400,,Al200,Dropped packets + RBU died,,
1956,2270,18/5/2025,14:44,15:30,600,1.015,1.01,N,1000,,LEE v5.1,1420,1%(3mm),3600,,Al200,Stopped for Marcus to debug RBU,,
1957,2271,18/5/2025,15:40,16:43,600,1.015,1.01,N,1000,,LEE v5.1,1420,1%(3mm),9500,,Al200,,,
1958,2273,18/5/2025,17:29,17:43,950,1.015,1.01,N,1000,,LEE v5.1,1521,1%(3mm),12300,,Al200,VME run was killed. The VME DAQ crashed. I didn't notice until run change that it had stopped,,
1959,2274,18/5/2025,20:42,22:40,950,1.015,1.01,N,1000,,LEE v5.1,1521,1%(3mm),12300,,Al200,,,
1960,2276,18/5/2025,22:48,23:12,950,1.015,1.01,N,1000,,LEE v5.1,1521,1%(3mm),12300,,Al200,"Dropped packets, RBU died",,
1961,2277,18/5/2025,23:21,23:30,950,1.015,1.01,N,1000,,LEE v5.1,1521,1%(3mm),10000,,Al200,"Dropped packets, RBU died",,
1962,2278,18/5/2025,23:35,0:59,950,1.015,1.01,N,1000,,LEE v5.1,1521,1%(3mm),10040,,Al200,"Dropped packets, RBU died",,
1963,2279,19/5/2025,1:05,1:11,950,1.015,1.01,N,1000,,LEE v5.1,1521,1%(3mm),11000,,Al200,"Dropped packets, RBU died",,
1964,2280,19/5/2025,1:16,3:46,950,1.015,1.01,N,1000,,LEE v5.1,1521,1%(3mm),11400,,Al200,,,
1965,2282,19/5/2025,4:03,6:48,-600,1.015,1.01,N,1000,,LEE v5.1,1522,1%(3mm),7444,,Al200,,,
1966,2283,19/5/2025,6:52,8:28,-600,1.015,1.01,N,1000,,LEE v5.1,1522,1%(3mm),6784,,Al200,,,
1967,2284,19/5/2025,9:51,10:28,1100,1.15,1.03,N,1050,,LEP v5.1,1485,2%(6mm),9000,,Al200,Stop because ACT2-R does not have any data,,
1968,,19/5/2025,10:29,10:31,1100,1.15,1.03,N,1050,,LEP v5.1,1485,2%(6mm),9000,,Al200,Stop because ACT2-R does not have any data,,
1969,2285,19/5/2025,10:38,15:10,1100,1.15,1.03,N,1050,,LEP v5.1,1485,2%(6mm),9000,,Al200,Stop because of pump failure,,
1970,2286,19/5/2025,15:13,15:44,1100,1.15,1.03,N,1050,,LEP v5.1,1485,2%(6mm),9000,,Al200,,,
1971,2288,19/5/2025,16:02,16:17,1100,1.15,1.03,N,1050,,LEP v5.1,1485,2%(6mm),9000,,Al200,,,
1972,2289,19/5/2025,16:34,16:38,1100,1.15,1.03,N,1050,,LEP v5.1,1485,2%(6mm),9000,,Al200,,,
1973,2290,19/5/2025,16:46,20:00,1100,1.15,1.03,N,1050,,LEP v5.1,1485,2%(6mm),9000,,Al200,,,
1974,2292,19/5/2025,20:18,21:50,1100,1.15,1.03,N,1050,,LEP v5.1,1485,2%(6mm),9000,,Al200,,,
1975,2293,19/5/2025,21:58,1:58,1100,1.15,1.03,N,1050,,LEP v5.1,1485,1%(3mm),4500,,Al200,,,
1976,2295,20/5/2025,2:12,6:01,1100,1.15,1.03,N,1050,,LEP v5.1,1485,1%(3mm),4400,,Al200,,,
1977,2297,20/5/2025,6:12,8:01,1100,1.15,1.03,N,1050,,LEP v5.1,1485,1%(3mm),4300,,Al200,Stopped due to no beam,,
1978,2299,20/5/2025,8:16,10:34,1100,1.15,1.03,N,1050,,LEP v5.1,1485,1%(3mm),4300,,Al200,,,
1979,2300,20/5/2025,10:38,12:20,1100,1.15,1.03,N,1050,,LEP v5.1,1485,2%(6mm),9400,,Al200,"Dropped packets, RBU died",,
1980,2301,20/5/2025,12:26,12:34,1100,1.15,1.03,N,1050,,LEP v5.1,1485,2%(6mm),9400,,Al200,"Dropped packets, RBU died",,
1981,2303,20/5/2025,12:45,15:05,1100,1.15,1.03,N,1050,,LEP v5.1,1485,2%(6mm),9400,,Al200,,,
1982,2304,20/5/2025,15:10,15:18,1100,1.15,1.03,N,1050,,LEMP v5.1,1485,2%(6mm),8000,,Al200,,,
1983,N/A,20/5/2025,20:13,21:10,1100,1.15,1.03,N,1050,,LEP v5.1,1485,1%(3mm),1680,,Al200,,,
1984,N/A,20/5/2025,21:25,21:46,1100,1.15,1.03,N,1050,,LEP v5.1,1485,2%(6mm),7000,,Al200,,,
1985,2320,20/5/2025,21:49,2:01,-1150,1.15,1.03,N,1050,,LEP v5.1,1524,2%(6mm),400,,Al200,,,
1986,2323,21/5/2025,2:27,6:06,-1150,1.15,1.03,N,1050,,LEP v5.1,1524,2%(6mm),270,,Al200,,,
1987,2324,21/5/2025,6:20,10:25,-1150,1.15,1.03,N,1050,,LEP v5.1,1524,2%(6mm),330,,Al200,,,
1988,2338,21/5/2025,19:47,22:28,-1150,1.15,1.03,N,1050,,LEP v5.1,1524,2%(6mm),330,,Al200,,,
1989,2340,21/5/2025,22:47,3:06,-1150,1.15,1.03,N,1050,,LEP v5.1,1524,2%(6mm),330,,Al200,,,
1990,2342,22/5/2025,3:25,8:53,-1150,1.15,1.03,N,1050,,LEP v5.1,1524,2%(6mm),340,,Al200,,,
1991,2343,22/5/2025,13:04,13:14,800,1.015,1.01,N,1000,,LEE v5.1,1498,1%(3mm),10000,,Al200,RBU died,,
1992,2344,22/5/2025,13:18,13:31,800,1.015,1.01,N,1000,,LEE v5.1,1498,1%(3mm),10000,,Al200,RBU died,,
1993,2345,22/5/2025,13:34,13:36,800,1.015,1.01,N,1000,,LEE v5.1,1498,1%(3mm),10000,,Al200,RBU died,,
1995,2346,22/5/2025,13:55,14:05,780,1.015,1.01,N,1050,,LEP v5.1,1365,2%(6mm),6500,,Al200,RBU died,,
1996,2347,22/5/2025,14:14,14:35,780,1.015,1.01,N,1050,,LEP v5.1,1365,2%(6mm),6500,,Al200,,,
1997,2349,23/5/2025,22:03,1:04,1200,out,1.01,N,19000,,LEE v5.1,1486,1%(3mm),1100,,Al200,,,
1998,2351,24/5/2025,1:38,4:43,1000,out,1.01,N,19000,,LEE v5.1,1364,1%(3mm),550,,Al200,,,
1999,2352,24/5/2025,5:31,7:04,800,out,1.01,N,19000,,LEE v5.1,1498,1%(3mm),580,,Al200,RBU died,,
2000,2353,24/5/2025,7:11,8:03,800,out,1.01,N,19000,,LEE v5.1,1498,1%(3mm),580,,Al200,stopped due to no beam,,
2001,2366,24/5/2025,19:11,19:26,600,out,1.01,N,19000,,LEP v5.1,1420,1%(3mm),700,,Al200,stopped due to no tdc or qdc hits,,
2002,2366,24/5/2025,19:27,19:41,600,out,1.01,N,19000,,LEP v5.1,1420,1%(3mm),700,,Al200,stopped to make CDS interventions (return to 3 degree resting position),,
2003,2367,24/5/2025,20:04,20:55,600,out,1.01,N,19000,,LEP v5.1,1420,1%(3mm),700,,Al200,stopped to check status of air bubbles in the detector,,
2004,2368,24/5/2025,22:20,2:00,1000,1.06,1.01,N,19000,,LEP v5.1,1364,1%(3mm),750,,Al200,,,
2005,2370,25/5/2025,2:25,5:30,800,1.06,1.01,N,19000,,LEP v5.1,1498,1%(3mm),580,,Al200,,,
2006,2372,25/5/2025,7:06,9:12,-360,1.06,1.01,N,19000,,LEP v5.1,1454,1%(3mm),50,,Al200,stopped to check status of air bubbles in the detector,,
2007,2373,25/5/2025,13:29,15:57,-330,1.075,1.01,N,34000,,LEP9Li v2,1453,2%(6mm),1879,,Al200,,,
2008,2374,25/5/2025,16:18,19:17,-350,1.075,1.01,N,34000,,LEP9Li v2,1456,2%(6mm),1889,,Al200,,,
2009,2375,25/5/2025,20:01,21:35,-310,1.075,1.01,N,34000,,LEP9Li v2,1451,2%(6mm),1859,,Al200,,,
2010,2376,25/5/2025,21:49,1:34,-310,1.075,1.01,N,34000,,LEP9Li v2,1451,2%(6mm),1920,,Al200,,,
2011,2377,26/5/2025,1:52,4:11,-330,1.075,1.01,N,34000,,LEP9Li v2,1453,2%(6mm),1980,,Al200,,,
2012,2378,26/5/2025,4:23,6:48,-310,1.075,1.01,N,34000,,LEP9Li v2,1451,2%(6mm),1948,,Al200,,,
2013,2379,26/5/2025,7:00,10:01,-350,1.075,1.01,N,34000,,LEP9Li v2,1456,2%(6mm),1999,,Al200,,,
2014,2380,26/5/2025,10:20,12:52,-310,1.075,1.01,N,34000,,LEP9Li v2,1451,2%(6mm),1999,,Al200,,,
2016,2391,26/5/2025,22:40,0:48,-330,1.075,1.01,N,34000,,LEP9Li v2,1446,2%(6mm),1984,,Al200,,,
2017,2392,27/5/2025,0:59,2:02,-310,1.075,1.01,N,34000,,LEP9Li v2,1451,2%(6mm),1948,,Al200,,,
2018,2393,27/5/2025,2:12,5:09,310,1.075,1.01,N,34000,,LEP9Li v2,1370,2%(6mm),1954,,Al200,,,
2019,2394,27/5/2025,5:27,8:36,330,1.075,1.01,N,34000,,LEP9Li v2,1367,2%(6mm),1984,,Al200,,,
2020,2395,27/5/2025,8:52,9:59,350,1.075,1.01,N,34000,,LEP9Li v2,1366,2%(6mm),2009,,Al200,,,
2021,2396,27/5/2025,10:09,10:45,350,1.075,1.01,N,34000,,LEP9Li v2,1366,2%(6mm),1987,,Al200,,,
2022,2397,27/5/2025,10:48,11:49,350,1.075,1.01,N,34000,,LEP9Li v2,1366,2%(6mm),2014,,Al200,,,
2023,2398,27/5/2025,12:05,12:15,310,1.075,1.01,N,34000,,LEP9Li v2,1370,2%(6mm),1932,,Al200,"Run cancelled, dropped packets",,
2024,2399,27/5/2025,12:20,12:35,310,1.075,1.01,N,34000,,LEP9Li v2,1370,2%(6mm),1931,,Al200,"Run cancelled, dropped packets",,
2025,2400,27/5/2025,12:40,13:50,310,1.075,1.01,N,34000,,LEP9Li v2,1370,2%(6mm),1925,,Al200,,,
2026,2401,27/5/2025,14:49,15:30,-310,1.075,1.01,N,34000,,LEP v5.1,1525,2%(6mm),19,,Al200,,,
2027,2402,27/5/2025,16:00,19:05,-310,1.075,1.01,N,34000,,LEP v5.1,1525,2%(6mm),19,,Al200,,,
2028,2403,27/5/2025,19:25,22:25,310,1.075,1.01,N,34000,,LEP9Li v2,1370,2%(6mm),1948,,Al200,,,
2029,2404,27/5/2025,22:50,0:41,330,1.075,1.01,N,34000,,LEP9Li v2,1367,2%(6mm),1977,,Al200,,,
2031,2406,28/5/2025,1:56,4:57,-290,1.11,1.01,N,34000,,LEP9Li v2,1449,2%(6mm),1917,,Al200,,,
2032,2407,28/5/2025,5:07,7:05,-270,1.11,1.01,N,34000,,LEP9Li v2,1447,2%(6mm),1893,,Al200,"beam stopped around ~6:30, so no data in last 30min of the run",,
2033,2408,28/5/2025,8:16,10:20,-270,1.11,1.01,N,34000,,LEP9Li v2,1447,2%(6mm),1885,,Al200,,,
2034,2409,28/5/2025,10:34,13:14,-270,1.11,1.01,N,34000,,LEP9Li v2,1447,2%(6mm),1867,,Al200,,,
2035,2410,28/5/2025,13:27,15:35,-290,1.11,1.01,N,34000,,LEP9Li v2,1449,2%(6mm),1979,,Al200,,,
2036,2411,28/5/2025,15:50,15:55,-290,1.11,1.01,N,34000,,LEP9Li v2,1449,2%(6mm),1901,,Al200,Droped packets,,
2037,2412,28/5/2025,16:00,16:20,-290,1.11,1.01,N,34000,,LEP9Li v2,1449,2%(6mm),1894,,Al200,Droped packets,,
2038,2413,28/5/2025,16:25,19:00,290,1.11,1.01,N,34000,,LEP9Li v2,1383,2%(6mm),1915,,Al200,,,
2039,2414,28/5/2025,19:20,21:05,-290,1.11,1.01,N,34000,,LEP9Li v2,1449,2%(6mm),1898,,Al200,Droped packets,,
2040,2415,28/5/2025,21:20,21:30,-270,1.11,1.01,N,34000,,LEP9Li v2,1447,2%(6mm),1762,,Al200,Droped packets,,
2041,2416,28/5/2025,21:20,21:45,-270,1.11,1.01,N,34000,,LEP9Li v2,1447,2%(6mm),1895,,Al200,Droped packets,,
2042,2417,28/5/2025,22:00,22:05,290,1.11,1.01,N,34000,,LEP9Li v2,1383,2%(6mm),1925,,Al200,Droped packets,,
2043,2418,28/5/2025,22:10,22:25,290,1.11,1.01,N,34000,,LEP9Li v2,1383,2%(6mm),1922,,Al200,Droped packets,,
2044,2419,28/5/2025,22:30,23:07,290,1.11,1.01,N,34000,,LEP9Li v2,1383,2%(6mm),1901,,Al200,Droped packets,,
2045,2420,29/5/2025,0:18,0:29,950,1.11,1.01,N,34000,,LEP9Li v2,1521,2%(6mm),3385,,Al200,Stopped due to incorrect trigger config,,
2046,2421,29/5/2025,0:32,3:28,950,1.11,1.01,N,34000,,LEE v5.1,1521,2%(6mm),2399,,Al200,"From VME run 2045 on, ad hoc momenta not suitable for the ACTs for the moment, HW trigger as cannnot take data due to T10 bckg",,
2047,2422,29/5/2025,3:37,4:55,-600,1.11,1.01,N,34000,,LEE v5.1,1522,2%(6mm),2292,,Al200,,,
2048,2423,29/5/2025,4:59,~5:00,-290,1.11,1.01,N,34000,,LEP9Li v2,1449,2%(6mm),1452,,Al200,"Bad run, dropped packets immediately",,
2049,2424,29/5/2025,5:09,7:41,-600,1.11,1.01,N,34000,,LEE v5.1,1522,2%(6mm),2247,,Al200,,,
2050,2425,29/5/2025,7:54,9:37,950,1.11,1.01,N,34000,,LEE v5.1,1521,2%(6mm),2476,,Al200,,,
2052,2426,29/5/2025,9:48,13:06,290,1.11,1.01,N,1050,1%,LEP v5.1,1383,2%(6mm),85,,Al200,"Trying positve low momenta corresp. to the ACT's n with LEP trigger, no 9Li",,
2053,2427,29/5/2025,13:28,13:42,290,1.11,1.01,N,1050,1%,LEP v5.1,1383,2%(6mm),80,,Al200,"Bad T1-T0 distribution, stopped",,
2054,2428,29/5/2025,13:50,16:50,290,1.11,1.01,N,1050,1%,LEP v5.1,1383,2%(6mm),735,,Al200,,,
2055,2429,29/5/2025,17:10,17:35,-290,1.11,1.01,N,34000?,1%,LEP9Li v2,1449,2%(6mm),1894,,Al200,Dropped packets,,
2056,2430,29/5/2025,17:40,17:45,-290,1.11,1.01,N,1050,1%,LEP9Li v2,1449,2%(6mm),1831,,Al200,Dropped packets,,
2057,2431,29/5/2025,17:50,19:20,-290,1.11,1.01,N,1050,1%,LEP v5.1,1449,2%(6mm),74,,Al200,,,
2058,2432,29/5/2025,19:30,20:40,-270,1.11,1.01,N,34000?,1%,LEP9Li v2,1447,2%(6mm),1890,,Al200,Dropped packets,,
2059,2433,29/5/2025,20:45,21:15,-270,1.11,1.01,N,1050,1%,LEP v5.1,1447,2%(6mm),59,,Al200,Dropped packets,,
2060,2434,29/5/2025,21:35,0:25,-270,1.11,1.01,N,1050,1%,LEP v5.1,1447,2%(6mm),53,,Al200,,,
2061,2435,30/5/2025,1:34,4:35,370,1.06,1.01,N,1050,1%,LEP v5.1,1423,2%(6mm),193,,Al200,,,
2062,2436,30/5/2025,4:43,8:04,-370,1.06,1.01,N,1050,1%,LEP9Li v2,1457,2%(6mm),1966,,Al200,,,
2063,2438,30/05/2025,9:54,12:59,-270,1.11,1.01,N,34000,1%,LEP9Li v2,1447,2%(6mm),962,,Al200,Data suspicious from the Li9 point of vew: T10 coincidence was in place. See eLog https://mpmtelog.triumf.ca/elog/WCTE+Commissioning+and+Operation/866,,
2064,2439,30/05/2025,13:20,14:28,400,out,1.01,N,34000,1%,LEP v5.1,1526,2%(6mm),306,189,Al200,proton data,,
2065,2440,30/05/2025,14:34,14:41,600,out,1.01,N,34000,1%,LEP v5.1,1527,2%(6mm),1380,23,Al200,dropped packages,,
2066,2441,30/05/2025,14:46,14:51,600,out,1.01,N,34000,1%,LEP v5.1,1527,2%(6mm),1365,21,Al200,dropped packages,,
2067,2442,30/05/2025,14:54,14:59,600,out,1.01,N,34000,1%,LEP v5.1,1527,2%(6mm),1350,24,Al200,dropped packages,,
2068,2443,30/05/2025,15:08,15:16,600,out,1.01,N,34000,1%,LEP v5.1,1527,2%(6mm),1138,23,Al200,upstream colllimators set to 30,,
2069,2444,30/05/2025,15:23,16:43,600,out,1.01,N,34000,1%,LEP v5.1,1527,2%(6mm),736,262,Al200,,,
2070,2445,30/05/2025,16:55,17:00,800,out,1.01,N,34000,1%,LEP v5.1,1528,2%(6mm),982,67,Al200,dropped packets,,
2071,2446,30/05/2025,17:15,18:55,800,out,1.01,N,34000,1%,LEP v5.1,1528,2%(6mm),677,301,Al200,,,
2072,2447,30/05/2025,19:00,19:50,1000,out,1.01,N,34000,1%,LEP v5.1,1529,2%(6mm),607,167,Al200,,,
2073,2448,30/05/2025,20:10,21:20,1200,out,1.01,N,34000,1%,LEP v5.1,1530,2%(6mm),735,209,Al200,,,
2074,2449,30/05/2025,21:25,23:08,1400,out,1.01,N,34000,1%,LEP v5.1,1448,2%(6mm),511,252,Al200,,,
2075,2450,30/05/2025,23:27,1:40,800,out,1.01,N,34000,1%,LEE v5.1,1528,2%(6mm),1732,289,Al200,,,
2076,2451,31/05/2025,1:46,3:28,800,out,1.01,N,34000,1%,LEE v5.1,1528,2%(6mm),XXX,,Al200,"bad run, no beam",,
2077,2452,31/05/2025,3:37,5:40,800,out,1.01,N,34000,1%,LEE v5.1,1528,2%(6mm),1866,288,Al200,,,
2078,2453,31/05/2025,5:48,7:50,800,out,1.01,N,34000,1%,LEE v5.1,1528,2%(6mm),1876,335,Al200,,,
2079,2454,31/05/2025,8:07,9:21,800,out,1.01,N,34000,1%,LEE v5.1,1528,2%(6mm),1817,197,Al200,dropped packets as more spills/min,,
2080,2455,31/05/2025,9:25,9:34,800,out,1.01,N,34000,1%,LEE v5.1,1528,2%(6mm),1785,,Al200,bad,,
2081,2456,31/05/2025,9:39,9:46,800,out,1.01,N,34000,1%,LEE v5.1,1528,2%(6mm),1762,,Al200,bad,,
2082,2457,31/05/2025,9:59,11:03,800,out,1.01,N,34000,1%,LEE v5.1,1528,1%(3mm),1004,216,Al200,OK,,
2083,2458,31/05/2025,11:48,13:41,800,out,1.01,N,34000,1%,LEE v5.1,1528,1%(3mm),854,420,Al200,,,
2084,2459,31/05/2025,14:00,15:20,1400,out,1.01,N,34000,1%,LEP v5.1,1488,2%(6mm),498,302,Al200,5mm upstream collimators,,
2085,2460,31/05/2025,15:40,16:05,1200,out,1.01,N,34000,1%,LEP v5.1,1530,2%(6mm),783,75,Al200,7mm upstream collimators,,
2086,2461,31/05/2025,16:10,17:10,1000,out,1.01,N,34000,1%,LEP v5.1,1529,2%(6mm),698,200,Al200,7.5mm upstream collimators,,
2087,2462,31/05/2025,17:15,18:45,800,out,1.01,N,34000,1%,LEP v5.1,1528,2%(6mm),392,343,Al200,10mm upstream collimators,,
2088,2463,31/05/2025,19:00,19:35,600,out,1.01,N,34000,1%,LEP v5.1,1527,2%(6mm),739,140,Al200,20mm upstream collimators,,
2089,2464,31/05/2025,19:40,21:20,1600,out,1.01,N,34000,1%,LEP v5.1,1533,2%(6mm),382,387,Al200,4mm upstream collimators,,
2090,2465,31/05/2025,21:40,23:13,1800,out,1.01,N,34000,1%,LEP v5.1,1531,2%(6mm),500,263,Al200,4mm upstream collimators,,
2091,2466,31/05/2025,23:27,1:03:00,2000,out,1.01,N,34000,1%,LEP v5.1,1532,2%(6mm),509,256,Al200,5mm upstream collimators,,
2092,2467,01/06/2025,1:17,3:07,800,out,1.01,N,34000,1%,LEE v5.1,1528,1%(3mm),1451,436,Al200,14mm upstream collimators,,
2093,2468,01/06/2025,3:14,4:15,-800,out,1.01,N,34000,1%,LEE v5.1,1502,1%(3mm),1416,243,Al200,"RBU disapeared, dropped packets",,
2094,2470,01/06/2025,4:23,6:24,-800,out,1.01,N,34000,1%,LEE v5.1,1502,1%(3mm),1396,478,Al200,14mm upstream collimators,,
2095,2471,01/06/2025,6:31,8:31,-800,out,1.01,N,34000,1%,LEE v5.1,1502,1%(3mm),1402,476,Al200,14mm upstream collimators,,
2096,2472,01/06/2025,8:39,10:11,-800,out,1.01,N,34000,1%,LEE v5.1,1502,1%(3mm),,,Al200,14mm upstream collimators,,
2097,2473,01/06/2025,10:52,11:00,1000,out,out,N,34000,NA,TPNH v4.4,1398,1%(3mm),,,Be200W3,"Tagged photon beam setup, no HD veto, dropped packets; 30mm collims",,
2098,2474,01/06/2025,11:03,11:13,1000,out,out,N,34000,NA,TP1 v4.4,1398,1%(3mm),,,Be200W3,"Tagged photon beam setup, HD veto on first two channels; 30mm collims",,
2099,2475,01/06/2025,11:18,11:23,800,out,out,N,34000,NA,TPNH v4.4,1389,1%(3mm),,,Be200W3,"Tagged photon beam setup, no HD veto on first two channels; 25mm collims",,
2100,2476,01/06/2025,11:26,11:36,800,out,out,N,34000,NA,TP0.8 v4.4,1389,1%(3mm),,,Be200W3,"Tagged photon beam setup, HD veto on first two channels; 25mm collims",,
2101,2477,01/06/2025,11:44,11:53,650,out,out,N,34000,NA,TPNH v4.4,1394,1%(3mm),,,Be200W3,"Tagged photon beam setup, no HD veto on first two channels; 25mm collims",,
2102,2478,01/06/2025,11:57,12:07,650,out,out,N,34000,NA,TP0.65 v4.4,1394,1%(3mm),,,Be200W3,"Tagged photon beam setup, HD veto on first two channels; 25mm collims",,
2103,2479,01/06/2025,12:10,12:17,450,out,out,N,34000,NA,TPNH v4.4,1509,1%(3mm),,,Be200W3,,,
2104,2480,01/06/2025,12:19,15:30,450,out,out,N,34000,NA,TP0.5 v4.4,1509,1%(3mm),,,Be200W3,TP long run,,
2105,2481,02/06/2025,10:27,10:44,650,out,out,N,34000,NA,TP0.65 v4.4,1394,1%(3mm),,,Be200W3,,,
2106,2483,02/06/2025,12:55,16:08,650,out,out,N,34000,NA,TP0.65 v4.4,1394,1%(3mm),1016,602,Be200W3,650 TP run on Gd,,
2107,2484,02/06/2025,16:31,17:11,800,out,out,N,34000,NA,TP0.8 v4.4,1389,1%(3mm),1120,132,Be200W3,800 TP run on Gd,,
2108,2485,02/06/2025,17:23,19:48,800,out,out,N,34000,NA,TP0.8 v4.4,1389,1%(3mm),1116,414,Be200W3,800 TP run on Gd,,
2109,2486,02/06/2025,21:09,21:22,1000,out,out,N,34000,NA,TP0.8 v4.4,1398,1%(3mm),,,Be200W3,"1000 TP run on Gd, 30 cm upstream collimators",RBU died in the end,
2110,2487,02/06/2025,21:36,0:36,1000,out,out,N,34000,NA,TP0.8 v4.4,1398,1%(3mm),,,Be200W3,25 cm upstream collimators to avoid RBU crash,,
2111,2488,03/06/2025,1:05,4:10,450,out,out,N,34000,NA,TP0.5 v4.4,1509,1%(3mm),,,Be200W3,,,
2112,2489,03/06/2025,4:19,6:02,650,out,out,N,34000,NA,TP0.6 v4.4,1394,1%(3mm),,,Be200W4,,,
2113,2490,03/06/2025,7:37,7:40,450,out,out,N,34000,NA,T0TOFv1.1,1509,1%(3mm),,,Be200W4,,,
2114,2491,03/06/2025,7:43,8:10,450,out,out,N,34000,NA,T0TOFv1.1,1509,1%(3mm),,,Be200W4,,,